date,year,month,district,fishing_effort_trips,fishing_hours,is_monsoon_ban,fishing_pressure
2012-01-01,2012,1,Thiruvananthapuram,2335,22422,0,1.441
2012-01-01,2012,1,Kollam,2455,25034,0,1.01
2012-01-01,2012,1,Alappuzha,2103,20662,0,1.062
2012-01-01,2012,1,Ernakulam,2858,40145,0,1.221
2012-01-01,2012,1,Thrissur,1302,14899,0,1.206
2012-01-01,2012,1,Malappuram,2058,27052,0,1.345
2012-01-01,2012,1,Kozhikode,3003,41849,0,1.335
2012-01-01,2012,1,Kannur,1871,21774,0,1.094
2012-01-01,2012,1,Kasaragod,1398,19779,0,1.11
2012-02-01,2012,2,Thiruvananthapuram,2057,21825,0,1.27
2012-02-01,2012,2,Kollam,2322,25365,0,0.956
2012-02-01,2012,2,Alappuzha,2304,27526,0,1.164
2012-02-01,2012,2,Ernakulam,2538,24628,0,1.085
2012-02-01,2012,2,Thrissur,1182,13514,0,1.094
2012-02-01,2012,2,Malappuram,1925,21550,0,1.258
2012-02-01,2012,2,Kozhikode,2369,30700,0,1.053
2012-02-01,2012,2,Kannur,2285,22777,0,1.336
2012-02-01,2012,2,Kasaragod,1556,18613,0,1.235
2012-03-01,2012,3,Thiruvananthapuram,2018,24922,0,1.246
2012-03-01,2012,3,Kollam,3436,37685,0,1.414
2012-03-01,2012,3,Alappuzha,2333,26544,0,1.178
2012-03-01,2012,3,Ernakulam,2886,27955,0,1.233
2012-03-01,2012,3,Thrissur,1326,16181,0,1.228
2012-03-01,2012,3,Malappuram,1515,14986,0,0.99
2012-03-01,2012,3,Kozhikode,2355,33616,0,1.047
2012-03-01,2012,3,Kannur,2534,25312,0,1.482
2012-03-01,2012,3,Kasaragod,1792,21532,0,1.422
2012-04-01,2012,4,Thiruvananthapuram,1955,27422,0,1.207
2012-04-01,2012,4,Kollam,3273,43122,0,1.347
2012-04-01,2012,4,Alappuzha,2739,38767,0,1.383
2012-04-01,2012,4,Ernakulam,2965,42260,0,1.267
2012-04-01,2012,4,Thrissur,1420,19096,0,1.315
2012-04-01,2012,4,Malappuram,1957,24640,0,1.279
2012-04-01,2012,4,Kozhikode,3175,31488,0,1.411
2012-04-01,2012,4,Kannur,2166,28656,0,1.267
2012-04-01,2012,4,Kasaragod,1712,24763,0,1.359
2012-05-01,2012,5,Thiruvananthapuram,1502,18652,0,0.927
2012-05-01,2012,5,Kollam,2925,40453,0,1.204
2012-05-01,2012,5,Alappuzha,2421,32308,0,1.223
2012-05-01,2012,5,Ernakulam,2761,35500,0,1.18
2012-05-01,2012,5,Thrissur,1416,18436,0,1.311
2012-05-01,2012,5,Malappuram,1408,18892,0,0.92
2012-05-01,2012,5,Kozhikode,2342,23137,0,1.041
2012-05-01,2012,5,Kannur,1977,19185,0,1.156
2012-05-01,2012,5,Kasaragod,1417,19650,0,1.125
2012-06-01,2012,6,Thiruvananthapuram,457,5557,1,0.282
2012-06-01,2012,6,Kollam,744,10003,1,0.306
2012-06-01,2012,6,Alappuzha,450,5091,1,0.227
2012-06-01,2012,6,Ernakulam,588,6792,1,0.251
2012-06-01,2012,6,Thrissur,277,3402,1,0.256
2012-06-01,2012,6,Malappuram,395,4322,1,0.258
2012-06-01,2012,6,Kozhikode,619,7989,1,0.275
2012-06-01,2012,6,Kannur,432,5344,1,0.253
2012-06-01,2012,6,Kasaragod,358,4337,1,0.284
2012-07-01,2012,7,Thiruvananthapuram,417,4205,1,0.257
2012-07-01,2012,7,Kollam,614,8253,1,0.253
2012-07-01,2012,7,Alappuzha,563,5659,1,0.284
2012-07-01,2012,7,Ernakulam,663,8097,1,0.283
2012-07-01,2012,7,Thrissur,358,3433,1,0.331
2012-07-01,2012,7,Malappuram,478,6301,1,0.312
2012-07-01,2012,7,Kozhikode,486,5922,1,0.216
2012-07-01,2012,7,Kannur,419,4350,1,0.245
2012-07-01,2012,7,Kasaragod,423,4160,1,0.336
2012-08-01,2012,8,Thiruvananthapuram,1922,27351,0,1.186
2012-08-01,2012,8,Kollam,2792,35636,0,1.149
2012-08-01,2012,8,Alappuzha,2143,22554,0,1.082
2012-08-01,2012,8,Ernakulam,2631,32759,0,1.124
2012-08-01,2012,8,Thrissur,1315,17751,0,1.218
2012-08-01,2012,8,Malappuram,1873,19401,0,1.224
2012-08-01,2012,8,Kozhikode,3240,41553,0,1.44
2012-08-01,2012,8,Kannur,1944,21274,0,1.137
2012-08-01,2012,8,Kasaragod,1571,16612,0,1.247
2012-09-01,2012,9,Thiruvananthapuram,2119,23955,0,1.308
2012-09-01,2012,9,Kollam,3328,45746,0,1.37
2012-09-01,2012,9,Alappuzha,2409,33268,0,1.217
2012-09-01,2012,9,Ernakulam,2903,32154,0,1.241
2012-09-01,2012,9,Thrissur,1242,14779,0,1.15
2012-09-01,2012,9,Malappuram,1698,18569,0,1.11
2012-09-01,2012,9,Kozhikode,2734,34358,0,1.215
2012-09-01,2012,9,Kannur,1942,21848,0,1.136
2012-09-01,2012,9,Kasaragod,1810,18022,0,1.437
2012-10-01,2012,10,Thiruvananthapuram,1741,17202,0,1.075
2012-10-01,2012,10,Kollam,3167,42713,0,1.303
2012-10-01,2012,10,Alappuzha,2841,37681,0,1.435
2012-10-01,2012,10,Ernakulam,2922,36989,0,1.249
2012-10-01,2012,10,Thrissur,1327,14874,0,1.229
2012-10-01,2012,10,Malappuram,2123,20654,0,1.388
2012-10-01,2012,10,Kozhikode,2622,37981,0,1.165
2012-10-01,2012,10,Kannur,1785,25443,0,1.044
2012-10-01,2012,10,Kasaragod,1503,16006,0,1.193
2012-11-01,2012,11,Thiruvananthapuram,1827,19188,0,1.128
2012-11-01,2012,11,Kollam,2961,29202,0,1.219
2012-11-01,2012,11,Alappuzha,2419,30457,0,1.222
2012-11-01,2012,11,Ernakulam,2622,26648,0,1.121
2012-11-01,2012,11,Thrissur,1424,18612,0,1.319
2012-11-01,2012,11,Malappuram,2333,30697,0,1.525
2012-11-01,2012,11,Kozhikode,3289,35002,0,1.462
2012-11-01,2012,11,Kannur,2297,26708,0,1.343
2012-11-01,2012,11,Kasaragod,1509,16424,0,1.198
2012-12-01,2012,12,Thiruvananthapuram,2219,26792,0,1.37
2012-12-01,2012,12,Kollam,2954,31549,0,1.216
2012-12-01,2012,12,Alappuzha,2563,26496,0,1.294
2012-12-01,2012,12,Ernakulam,2836,34473,0,1.212
2012-12-01,2012,12,Thrissur,1387,19195,0,1.284
2012-12-01,2012,12,Malappuram,1737,24041,0,1.135
2012-12-01,2012,12,Kozhikode,2771,39222,0,1.232
2012-12-01,2012,12,Kannur,2074,28732,0,1.213
2012-12-01,2012,12,Kasaragod,1639,21817,0,1.301
2013-01-01,2013,1,Thiruvananthapuram,2349,29591,0,1.45
2013-01-01,2013,1,Kollam,2452,28183,0,1.009
2013-01-01,2013,1,Alappuzha,2448,23993,0,1.236
2013-01-01,2013,1,Ernakulam,2659,32428,0,1.136
2013-01-01,2013,1,Thrissur,1335,17415,0,1.236
2013-01-01,2013,1,Malappuram,1899,23752,0,1.241
2013-01-01,2013,1,Kozhikode,2525,34373,0,1.122
2013-01-01,2013,1,Kannur,1915,26453,0,1.12
2013-01-01,2013,1,Kasaragod,1524,22004,0,1.21
2013-02-01,2013,2,Thiruvananthapuram,1935,23404,0,1.194
2013-02-01,2013,2,Kollam,3534,41793,0,1.454
2013-02-01,2013,2,Alappuzha,2335,26240,0,1.179
2013-02-01,2013,2,Ernakulam,2922,29624,0,1.249
2013-02-01,2013,2,Thrissur,1426,15725,0,1.32
2013-02-01,2013,2,Malappuram,2065,28580,0,1.35
2013-02-01,2013,2,Kozhikode,3160,45434,0,1.404
2013-02-01,2013,2,Kannur,1837,20827,0,1.074
2013-02-01,2013,2,Kasaragod,1401,14822,0,1.112
2013-03-01,2013,3,Thiruvananthapuram,2193,26612,0,1.354
2013-03-01,2013,3,Kollam,2863,37700,0,1.178
2013-03-01,2013,3,Alappuzha,2452,28864,0,1.238
2013-03-01,2013,3,Ernakulam,2120,28461,0,0.906
2013-03-01,2013,3,Thrissur,1431,18149,0,1.325
2013-03-01,2013,3,Malappuram,1889,18746,0,1.235
2013-03-01,2013,3,Kozhikode,3120,33774,0,1.387
2013-03-01,2013,3,Kannur,2380,28920,0,1.392
2013-03-01,2013,3,Kasaragod,1476,20871,0,1.171
2013-04-01,2013,4,Thiruvananthapuram,2039,28000,0,1.259
2013-04-01,2013,4,Kollam,3031,43717,0,1.247
2013-04-01,2013,4,Alappuzha,2618,31968,0,1.322
2013-04-01,2013,4,Ernakulam,2815,26873,0,1.203
2013-04-01,2013,4,Thrissur,1536,16036,0,1.422
2013-04-01,2013,4,Malappuram,1681,18538,0,1.099
2013-04-01,2013,4,Kozhikode,2515,23932,0,1.118
2013-04-01,2013,4,Kannur,2579,33223,0,1.508
2013-04-01,2013,4,Kasaragod,1659,20051,0,1.317
2013-05-01,2013,5,Thiruvananthapuram,1896,23433,0,1.17
2013-05-01,2013,5,Kollam,3027,42993,0,1.246
2013-05-01,2013,5,Alappuzha,2876,38330,0,1.453
2013-05-01,2013,5,Ernakulam,2569,27577,0,1.098
2013-05-01,2013,5,Thrissur,956,10742,0,0.885
2013-05-01,2013,5,Malappuram,1674,24116,0,1.094
2013-05-01,2013,5,Kozhikode,2520,34657,0,1.12
2013-05-01,2013,5,Kannur,1893,22571,0,1.107
2013-05-01,2013,5,Kasaragod,1507,14707,0,1.196
2013-06-01,2013,6,Thiruvananthapuram,365,5126,1,0.225
2013-06-01,2013,6,Kollam,681,8436,1,0.28
2013-06-01,2013,6,Alappuzha,538,5963,1,0.272
2013-06-01,2013,6,Ernakulam,578,8335,1,0.247
2013-06-01,2013,6,Thrissur,278,3878,1,0.257
2013-06-01,2013,6,Malappuram,449,5296,1,0.293
2013-06-01,2013,6,Kozhikode,531,5968,1,0.236
2013-06-01,2013,6,Kannur,375,4830,1,0.219
2013-06-01,2013,6,Kasaragod,357,4306,1,0.283
2013-07-01,2013,7,Thiruvananthapuram,464,5676,1,0.286
2013-07-01,2013,7,Kollam,668,9387,1,0.275
2013-07-01,2013,7,Alappuzha,480,4589,1,0.242
2013-07-01,2013,7,Ernakulam,655,8165,1,0.28
2013-07-01,2013,7,Thrissur,276,3336,1,0.256
2013-07-01,2013,7,Malappuram,325,4113,1,0.212
2013-07-01,2013,7,Kozhikode,571,7547,1,0.254
2013-07-01,2013,7,Kannur,309,3238,1,0.181
2013-07-01,2013,7,Kasaragod,236,3341,1,0.187
2013-08-01,2013,8,Thiruvananthapuram,1939,25343,0,1.197
2013-08-01,2013,8,Kollam,2243,22665,0,0.923
2013-08-01,2013,8,Alappuzha,1943,18556,0,0.981
2013-08-01,2013,8,Ernakulam,2849,31268,0,1.218
2013-08-01,2013,8,Thrissur,1446,16845,0,1.339
2013-08-01,2013,8,Malappuram,1841,20424,0,1.203
2013-08-01,2013,8,Kozhikode,2370,24204,0,1.053
2013-08-01,2013,8,Kannur,2319,26257,0,1.356
2013-08-01,2013,8,Kasaragod,1611,15618,0,1.279
2013-09-01,2013,9,Thiruvananthapuram,1711,20991,0,1.056
2013-09-01,2013,9,Kollam,2678,38381,0,1.102
2013-09-01,2013,9,Alappuzha,2722,34306,0,1.375
2013-09-01,2013,9,Ernakulam,3434,47560,0,1.468
2013-09-01,2013,9,Thrissur,1488,18516,0,1.378
2013-09-01,2013,9,Malappuram,1812,25056,0,1.184
2013-09-01,2013,9,Kozhikode,2689,36932,0,1.195
2013-09-01,2013,9,Kannur,2351,23914,0,1.375
2013-09-01,2013,9,Kasaragod,1427,18932,0,1.133
2013-10-01,2013,10,Thiruvananthapuram,1949,27750,0,1.203
2013-10-01,2013,10,Kollam,2710,36632,0,1.115
2013-10-01,2013,10,Alappuzha,2426,30367,0,1.225
2013-10-01,2013,10,Ernakulam,3122,42498,0,1.334
2013-10-01,2013,10,Thrissur,1315,13372,0,1.218
2013-10-01,2013,10,Malappuram,2045,22661,0,1.337
2013-10-01,2013,10,Kozhikode,3045,42781,0,1.353
2013-10-01,2013,10,Kannur,2319,33231,0,1.356
2013-10-01,2013,10,Kasaragod,1518,18219,0,1.205
2013-11-01,2013,11,Thiruvananthapuram,2130,26707,0,1.315
2013-11-01,2013,11,Kollam,2713,28475,0,1.116
2013-11-01,2013,11,Alappuzha,2357,28199,0,1.19
2013-11-01,2013,11,Ernakulam,2930,32403,0,1.252
2013-11-01,2013,11,Thrissur,1335,15006,0,1.236
2013-11-01,2013,11,Malappuram,1831,19483,0,1.197
2013-11-01,2013,11,Kozhikode,2632,33194,0,1.17
2013-11-01,2013,11,Kannur,2291,25718,0,1.34
2013-11-01,2013,11,Kasaragod,1258,15099,0,0.998
2013-12-01,2013,12,Thiruvananthapuram,2054,22178,0,1.268
2013-12-01,2013,12,Kollam,3578,38415,0,1.472
2013-12-01,2013,12,Alappuzha,2362,25139,0,1.193
2013-12-01,2013,12,Ernakulam,3542,35747,0,1.514
2013-12-01,2013,12,Thrissur,1408,15890,0,1.304
2013-12-01,2013,12,Malappuram,1783,25411,0,1.165
2013-12-01,2013,12,Kozhikode,2659,37843,0,1.182
2013-12-01,2013,12,Kannur,2300,24231,0,1.345
2013-12-01,2013,12,Kasaragod,1669,21318,0,1.325
2014-01-01,2014,1,Thiruvananthapuram,1591,17702,0,0.982
2014-01-01,2014,1,Kollam,3047,37241,0,1.254
2014-01-01,2014,1,Alappuzha,2314,27928,0,1.169
2014-01-01,2014,1,Ernakulam,3160,43634,0,1.35
2014-01-01,2014,1,Thrissur,1319,15040,0,1.221
2014-01-01,2014,1,Malappuram,1657,22511,0,1.083
2014-01-01,2014,1,Kozhikode,2077,21099,0,0.923
2014-01-01,2014,1,Kannur,2549,34829,0,1.491
2014-01-01,2014,1,Kasaragod,1429,14063,0,1.134
2014-02-01,2014,2,Thiruvananthapuram,1868,18692,0,1.153
2014-02-01,2014,2,Kollam,3270,37976,0,1.346
2014-02-01,2014,2,Alappuzha,2066,29631,0,1.043
2014-02-01,2014,2,Ernakulam,3123,40702,0,1.335
2014-02-01,2014,2,Thrissur,1428,18421,0,1.322
2014-02-01,2014,2,Malappuram,1989,28611,0,1.3
2014-02-01,2014,2,Kozhikode,2596,24779,0,1.154
2014-02-01,2014,2,Kannur,1903,20655,0,1.113
2014-02-01,2014,2,Kasaragod,1576,19832,0,1.251
2014-03-01,2014,3,Thiruvananthapuram,1678,21859,0,1.036
2014-03-01,2014,3,Kollam,2971,35519,0,1.223
2014-03-01,2014,3,Alappuzha,2576,25894,0,1.301
2014-03-01,2014,3,Ernakulam,2708,36413,0,1.157
2014-03-01,2014,3,Thrissur,1346,14091,0,1.246
2014-03-01,2014,3,Malappuram,1946,25041,0,1.272
2014-03-01,2014,3,Kozhikode,2528,25347,0,1.124
2014-03-01,2014,3,Kannur,1924,27511,0,1.125
2014-03-01,2014,3,Kasaragod,1078,14933,0,0.856
2014-04-01,2014,4,Thiruvananthapuram,2038,19545,0,1.258
2014-04-01,2014,4,Kollam,2952,32968,0,1.215
2014-04-01,2014,4,Alappuzha,2227,30103,0,1.125
2014-04-01,2014,4,Ernakulam,2250,23851,0,0.962
2014-04-01,2014,4,Thrissur,1465,13978,0,1.356
2014-04-01,2014,4,Malappuram,1967,26377,0,1.286
2014-04-01,2014,4,Kozhikode,2915,30534,0,1.296
2014-04-01,2014,4,Kannur,1844,21887,0,1.078
2014-04-01,2014,4,Kasaragod,1512,18197,0,1.2
2014-05-01,2014,5,Thiruvananthapuram,2084,22555,0,1.286
2014-05-01,2014,5,Kollam,2947,31821,0,1.213
2014-05-01,2014,5,Alappuzha,2512,26991,0,1.269
2014-05-01,2014,5,Ernakulam,2696,27365,0,1.152
2014-05-01,2014,5,Thrissur,1378,16972,0,1.276
2014-05-01,2014,5,Malappuram,1752,21872,0,1.145
2014-05-01,2014,5,Kozhikode,2419,34370,0,1.075
2014-05-01,2014,5,Kannur,1847,23081,0,1.08
2014-05-01,2014,5,Kasaragod,1612,23059,0,1.279
2014-06-01,2014,6,Thiruvananthapuram,419,5830,1,0.259
2014-06-01,2014,6,Kollam,604,8297,1,0.249
2014-06-01,2014,6,Alappuzha,448,5306,1,0.226
2014-06-01,2014,6,Ernakulam,491,5235,1,0.21
2014-06-01,2014,6,Thrissur,256,2630,1,0.237
2014-06-01,2014,6,Malappuram,400,4347,1,0.261
2014-06-01,2014,6,Kozhikode,685,8792,1,0.304
2014-06-01,2014,6,Kannur,424,5052,1,0.248
2014-06-01,2014,6,Kasaragod,329,3448,1,0.261
2014-07-01,2014,7,Thiruvananthapuram,375,5300,1,0.231
2014-07-01,2014,7,Kollam,539,7398,1,0.222
2014-07-01,2014,7,Alappuzha,530,7023,1,0.268
2014-07-01,2014,7,Ernakulam,527,7400,1,0.225
2014-07-01,2014,7,Thrissur,256,2470,1,0.237
2014-07-01,2014,7,Malappuram,382,3695,1,0.25
2014-07-01,2014,7,Kozhikode,448,4644,1,0.199
2014-07-01,2014,7,Kannur,363,4475,1,0.212
2014-07-01,2014,7,Kasaragod,318,4504,1,0.252
2014-08-01,2014,8,Thiruvananthapuram,1800,19449,0,1.111
2014-08-01,2014,8,Kollam,2906,37224,0,1.196
2014-08-01,2014,8,Alappuzha,2112,24406,0,1.067
2014-08-01,2014,8,Ernakulam,3257,32893,0,1.392
2014-08-01,2014,8,Thrissur,1284,12946,0,1.189
2014-08-01,2014,8,Malappuram,2025,23282,0,1.324
2014-08-01,2014,8,Kozhikode,2537,33474,0,1.128
2014-08-01,2014,8,Kannur,1636,15953,0,0.957
2014-08-01,2014,8,Kasaragod,1720,23422,0,1.365
2014-09-01,2014,9,Thiruvananthapuram,1559,22079,0,0.962
2014-09-01,2014,9,Kollam,2987,36772,0,1.229
2014-09-01,2014,9,Alappuzha,2616,30125,0,1.321
2014-09-01,2014,9,Ernakulam,2279,29351,0,0.974
2014-09-01,2014,9,Thrissur,1092,13117,0,1.011
2014-09-01,2014,9,Malappuram,1944,22632,0,1.271
2014-09-01,2014,9,Kozhikode,2691,36923,0,1.196
2014-09-01,2014,9,Kannur,1925,21615,0,1.126
2014-09-01,2014,9,Kasaragod,1412,20040,0,1.121
2014-10-01,2014,10,Thiruvananthapuram,2057,21946,0,1.27
2014-10-01,2014,10,Kollam,2939,36566,0,1.209
2014-10-01,2014,10,Alappuzha,2634,32264,0,1.33
2014-10-01,2014,10,Ernakulam,3133,31071,0,1.339
2014-10-01,2014,10,Thrissur,964,9935,0,0.893
2014-10-01,2014,10,Malappuram,1787,17286,0,1.168
2014-10-01,2014,10,Kozhikode,2940,31310,0,1.307
2014-10-01,2014,10,Kannur,1904,24478,0,1.113
2014-10-01,2014,10,Kasaragod,1220,15368,0,0.968
2014-11-01,2014,11,Thiruvananthapuram,2182,24267,0,1.347
2014-11-01,2014,11,Kollam,2711,28821,0,1.116
2014-11-01,2014,11,Alappuzha,2634,29395,0,1.33
2014-11-01,2014,11,Ernakulam,2142,22219,0,0.915
2014-11-01,2014,11,Thrissur,1294,13220,0,1.198
2014-11-01,2014,11,Malappuram,2116,30109,0,1.383
2014-11-01,2014,11,Kozhikode,2957,33158,0,1.314
2014-11-01,2014,11,Kannur,1910,18268,0,1.117
2014-11-01,2014,11,Kasaragod,1266,13548,0,1.005
2014-12-01,2014,12,Thiruvananthapuram,1890,23931,0,1.167
2014-12-01,2014,12,Kollam,2571,24754,0,1.058
2014-12-01,2014,12,Alappuzha,2243,27380,0,1.133
2014-12-01,2014,12,Ernakulam,2505,27652,0,1.071
2014-12-01,2014,12,Thrissur,1644,17179,0,1.522
2014-12-01,2014,12,Malappuram,1809,20914,0,1.182
2014-12-01,2014,12,Kozhikode,2756,35250,0,1.225
2014-12-01,2014,12,Kannur,2185,22411,0,1.278
2014-12-01,2014,12,Kasaragod,1477,19454,0,1.172
2015-01-01,2015,1,Thiruvananthapuram,2423,23995,0,1.496
2015-01-01,2015,1,Kollam,3273,46491,0,1.347
2015-01-01,2015,1,Alappuzha,2967,33837,0,1.498
2015-01-01,2015,1,Ernakulam,3252,36635,0,1.39
2015-01-01,2015,1,Thrissur,1660,17600,0,1.537
2015-01-01,2015,1,Malappuram,1919,22469,0,1.254
2015-01-01,2015,1,Kozhikode,3090,31600,0,1.373
2015-01-01,2015,1,Kannur,2106,20519,0,1.232
2015-01-01,2015,1,Kasaragod,1549,16619,0,1.229
2015-02-01,2015,2,Thiruvananthapuram,2235,25625,0,1.38
2015-02-01,2015,2,Kollam,2908,32714,0,1.197
2015-02-01,2015,2,Alappuzha,2716,35727,0,1.372
2015-02-01,2015,2,Ernakulam,3023,43780,0,1.292
2015-02-01,2015,2,Thrissur,1241,14009,0,1.149
2015-02-01,2015,2,Malappuram,1859,24912,0,1.215
2015-02-01,2015,2,Kozhikode,3512,35702,0,1.561
2015-02-01,2015,2,Kannur,2063,20541,0,1.206
2015-02-01,2015,2,Kasaragod,1572,19625,0,1.248
2015-03-01,2015,3,Thiruvananthapuram,1996,21097,0,1.232
2015-03-01,2015,3,Kollam,3224,41574,0,1.327
2015-03-01,2015,3,Alappuzha,2635,35045,0,1.331
2015-03-01,2015,3,Ernakulam,3202,45878,0,1.368
2015-03-01,2015,3,Thrissur,1604,21214,0,1.485
2015-03-01,2015,3,Malappuram,1722,24082,0,1.125
2015-03-01,2015,3,Kozhikode,2496,33806,0,1.109
2015-03-01,2015,3,Kannur,2382,28590,0,1.393
2015-03-01,2015,3,Kasaragod,1667,23719,0,1.323
2015-04-01,2015,4,Thiruvananthapuram,1904,23313,0,1.175
2015-04-01,2015,4,Kollam,3381,38255,0,1.391
2015-04-01,2015,4,Alappuzha,2638,28342,0,1.332
2015-04-01,2015,4,Ernakulam,2951,34536,0,1.261
2015-04-01,2015,4,Thrissur,1581,18356,0,1.464
2015-04-01,2015,4,Malappuram,1441,17984,0,0.942
2015-04-01,2015,4,Kozhikode,2962,30624,0,1.316
2015-04-01,2015,4,Kannur,1950,18872,0,1.14
2015-04-01,2015,4,Kasaragod,1544,21353,0,1.225
2015-05-01,2015,5,Thiruvananthapuram,1804,17753,0,1.114
2015-05-01,2015,5,Kollam,3279,36563,0,1.349
2015-05-01,2015,5,Alappuzha,2469,24416,0,1.247
2015-05-01,2015,5,Ernakulam,2384,27336,0,1.019
2015-05-01,2015,5,Thrissur,1170,14315,0,1.083
2015-05-01,2015,5,Malappuram,1841,18789,0,1.203
2015-05-01,2015,5,Kozhikode,3119,30707,0,1.386
2015-05-01,2015,5,Kannur,2370,24082,0,1.386
2015-05-01,2015,5,Kasaragod,1513,20432,0,1.201
2015-06-01,2015,6,Thiruvananthapuram,393,4051,1,0.243
2015-06-01,2015,6,Kollam,547,7800,1,0.225
2015-06-01,2015,6,Alappuzha,546,6121,1,0.276
2015-06-01,2015,6,Ernakulam,522,7173,1,0.223
2015-06-01,2015,6,Thrissur,309,3014,1,0.286
2015-06-01,2015,6,Malappuram,310,3397,1,0.203
2015-06-01,2015,6,Kozhikode,626,7345,1,0.278
2015-06-01,2015,6,Kannur,478,6872,1,0.28
2015-06-01,2015,6,Kasaragod,378,4485,1,0.3
2015-07-01,2015,7,Thiruvananthapuram,465,5968,1,0.287
2015-07-01,2015,7,Kollam,550,6689,1,0.226
2015-07-01,2015,7,Alappuzha,528,5522,1,0.267
2015-07-01,2015,7,Ernakulam,592,8007,1,0.253
2015-07-01,2015,7,Thrissur,195,2750,1,0.181
2015-07-01,2015,7,Malappuram,301,3505,1,0.197
2015-07-01,2015,7,Kozhikode,526,6106,1,0.234
2015-07-01,2015,7,Kannur,380,3799,1,0.222
2015-07-01,2015,7,Kasaragod,336,3286,1,0.267
2015-08-01,2015,8,Thiruvananthapuram,1858,26314,0,1.147
2015-08-01,2015,8,Kollam,2649,29267,0,1.09
2015-08-01,2015,8,Alappuzha,2055,19936,0,1.038
2015-08-01,2015,8,Ernakulam,3286,45761,0,1.404
2015-08-01,2015,8,Thrissur,1382,15640,0,1.28
2015-08-01,2015,8,Malappuram,1551,17095,0,1.014
2015-08-01,2015,8,Kozhikode,3193,40043,0,1.419
2015-08-01,2015,8,Kannur,2317,23769,0,1.355
2015-08-01,2015,8,Kasaragod,1557,17658,0,1.236
2015-09-01,2015,9,Thiruvananthapuram,1966,19352,0,1.214
2015-09-01,2015,9,Kollam,3007,35624,0,1.237
2015-09-01,2015,9,Alappuzha,2286,32460,0,1.155
2015-09-01,2015,9,Ernakulam,2499,31311,0,1.068
2015-09-01,2015,9,Thrissur,1484,20975,0,1.374
2015-09-01,2015,9,Malappuram,1536,22262,0,1.004
2015-09-01,2015,9,Kozhikode,2999,42129,0,1.333
2015-09-01,2015,9,Kannur,2631,30330,0,1.539
2015-09-01,2015,9,Kasaragod,1265,16901,0,1.004
2015-10-01,2015,10,Thiruvananthapuram,1987,18966,0,1.227
2015-10-01,2015,10,Kollam,3048,39898,0,1.254
2015-10-01,2015,10,Alappuzha,2077,29031,0,1.049
2015-10-01,2015,10,Ernakulam,2418,28907,0,1.033
2015-10-01,2015,10,Thrissur,1153,15081,0,1.068
2015-10-01,2015,10,Malappuram,1554,15802,0,1.016
2015-10-01,2015,10,Kozhikode,2537,29316,0,1.128
2015-10-01,2015,10,Kannur,2100,28116,0,1.228
2015-10-01,2015,10,Kasaragod,1379,17881,0,1.094
2015-11-01,2015,11,Thiruvananthapuram,1515,18780,0,0.935
2015-11-01,2015,11,Kollam,2516,27962,0,1.035
2015-11-01,2015,11,Alappuzha,2504,34233,0,1.265
2015-11-01,2015,11,Ernakulam,2598,28482,0,1.11
2015-11-01,2015,11,Thrissur,1343,16962,0,1.244
2015-11-01,2015,11,Malappuram,1941,25581,0,1.269
2015-11-01,2015,11,Kozhikode,2475,31558,0,1.1
2015-11-01,2015,11,Kannur,1939,22967,0,1.134
2015-11-01,2015,11,Kasaragod,1759,19068,0,1.396
2015-12-01,2015,12,Thiruvananthapuram,1639,22444,0,1.012
2015-12-01,2015,12,Kollam,2673,35506,0,1.1
2015-12-01,2015,12,Alappuzha,2256,30675,0,1.139
2015-12-01,2015,12,Ernakulam,2671,27058,0,1.141
2015-12-01,2015,12,Thrissur,1466,20043,0,1.357
2015-12-01,2015,12,Malappuram,1862,26206,0,1.217
2015-12-01,2015,12,Kozhikode,2474,30846,0,1.1
2015-12-01,2015,12,Kannur,2039,28503,0,1.192
2015-12-01,2015,12,Kasaragod,1436,15822,0,1.14
2016-01-01,2016,1,Thiruvananthapuram,1968,27463,0,1.215
2016-01-01,2016,1,Kollam,3016,40424,0,1.241
2016-01-01,2016,1,Alappuzha,2392,25929,0,1.208
2016-01-01,2016,1,Ernakulam,2760,29463,0,1.179
2016-01-01,2016,1,Thrissur,1537,15644,0,1.423
2016-01-01,2016,1,Malappuram,1729,24909,0,1.13
2016-01-01,2016,1,Kozhikode,2691,35098,0,1.196
2016-01-01,2016,1,Kannur,2092,24837,0,1.223
2016-01-01,2016,1,Kasaragod,1348,13436,0,1.07
2016-02-01,2016,2,Thiruvananthapuram,1981,23006,0,1.223
2016-02-01,2016,2,Kollam,3339,38659,0,1.374
2016-02-01,2016,2,Alappuzha,2781,40263,0,1.405
2016-02-01,2016,2,Ernakulam,2407,28449,0,1.029
2016-02-01,2016,2,Thrissur,1338,15225,0,1.239
2016-02-01,2016,2,Malappuram,1733,20945,0,1.133
2016-02-01,2016,2,Kozhikode,2978,38318,0,1.324
2016-02-01,2016,2,Kannur,1900,21955,0,1.111
2016-02-01,2016,2,Kasaragod,1561,19688,0,1.239
2016-03-01,2016,3,Thiruvananthapuram,1998,19479,0,1.233
2016-03-01,2016,3,Kollam,3144,42800,0,1.294
2016-03-01,2016,3,Alappuzha,2093,26667,0,1.057
2016-03-01,2016,3,Ernakulam,2648,28508,0,1.132
2016-03-01,2016,3,Thrissur,1189,13780,0,1.101
2016-03-01,2016,3,Malappuram,1744,18605,0,1.14
2016-03-01,2016,3,Kozhikode,3071,30799,0,1.365
2016-03-01,2016,3,Kannur,2012,24073,0,1.177
2016-03-01,2016,3,Kasaragod,1667,19891,0,1.323
2016-04-01,2016,4,Thiruvananthapuram,2064,22272,0,1.274
2016-04-01,2016,4,Kollam,3192,31158,0,1.314
2016-04-01,2016,4,Alappuzha,2054,20354,0,1.037
2016-04-01,2016,4,Ernakulam,3051,36760,0,1.304
2016-04-01,2016,4,Thrissur,1187,16814,0,1.099
2016-04-01,2016,4,Malappuram,1982,24574,0,1.295
2016-04-01,2016,4,Kozhikode,2490,28290,0,1.107
2016-04-01,2016,4,Kannur,1794,18816,0,1.049
2016-04-01,2016,4,Kasaragod,1467,15004,0,1.164
2016-05-01,2016,5,Thiruvananthapuram,1740,20018,0,1.074
2016-05-01,2016,5,Kollam,2819,36748,0,1.16
2016-05-01,2016,5,Alappuzha,2070,23584,0,1.045
2016-05-01,2016,5,Ernakulam,3123,39142,0,1.335
2016-05-01,2016,5,Thrissur,1550,21206,0,1.435
2016-05-01,2016,5,Malappuram,1743,22120,0,1.139
2016-05-01,2016,5,Kozhikode,2629,35844,0,1.168
2016-05-01,2016,5,Kannur,2073,24380,0,1.212
2016-05-01,2016,5,Kasaragod,1488,17746,0,1.181
2016-06-01,2016,6,Thiruvananthapuram,420,5202,1,0.259
2016-06-01,2016,6,Kollam,554,5367,1,0.228
2016-06-01,2016,6,Alappuzha,405,4427,1,0.205
2016-06-01,2016,6,Ernakulam,585,5667,1,0.25
2016-06-01,2016,6,Thrissur,276,3264,1,0.256
2016-06-01,2016,6,Malappuram,319,4522,1,0.208
2016-06-01,2016,6,Kozhikode,716,9460,1,0.318
2016-06-01,2016,6,Kannur,491,6344,1,0.287
2016-06-01,2016,6,Kasaragod,298,3421,1,0.237
2016-07-01,2016,7,Thiruvananthapuram,407,5442,1,0.251
2016-07-01,2016,7,Kollam,610,7271,1,0.251
2016-07-01,2016,7,Alappuzha,553,7876,1,0.279
2016-07-01,2016,7,Ernakulam,667,9567,1,0.285
2016-07-01,2016,7,Thrissur,268,3819,1,0.248
2016-07-01,2016,7,Malappuram,334,3216,1,0.218
2016-07-01,2016,7,Kozhikode,591,7117,1,0.263
2016-07-01,2016,7,Kannur,487,6675,1,0.285
2016-07-01,2016,7,Kasaragod,336,4817,1,0.267
2016-08-01,2016,8,Thiruvananthapuram,1855,22973,0,1.145
2016-08-01,2016,8,Kollam,3043,42906,0,1.252
2016-08-01,2016,8,Alappuzha,1744,16996,0,0.881
2016-08-01,2016,8,Ernakulam,2752,38813,0,1.176
2016-08-01,2016,8,Thrissur,1329,14674,0,1.231
2016-08-01,2016,8,Malappuram,1822,21728,0,1.191
2016-08-01,2016,8,Kozhikode,3270,33327,0,1.453
2016-08-01,2016,8,Kannur,2268,27154,0,1.326
2016-08-01,2016,8,Kasaragod,1682,17478,0,1.335
2016-09-01,2016,9,Thiruvananthapuram,2225,23878,0,1.373
2016-09-01,2016,9,Kollam,2842,31395,0,1.17
2016-09-01,2016,9,Alappuzha,2865,36698,0,1.447
2016-09-01,2016,9,Ernakulam,2252,30604,0,0.962
2016-09-01,2016,9,Thrissur,1281,12741,0,1.186
2016-09-01,2016,9,Malappuram,1730,17210,0,1.131
2016-09-01,2016,9,Kozhikode,2811,36250,0,1.249
2016-09-01,2016,9,Kannur,1858,19135,0,1.087
2016-09-01,2016,9,Kasaragod,1482,21409,0,1.176
2016-10-01,2016,10,Thiruvananthapuram,1539,16818,0,0.95
2016-10-01,2016,10,Kollam,2805,31327,0,1.154
2016-10-01,2016,10,Alappuzha,2929,35445,0,1.479
2016-10-01,2016,10,Ernakulam,3299,33969,0,1.41
2016-10-01,2016,10,Thrissur,1282,16242,0,1.187
2016-10-01,2016,10,Malappuram,1544,21275,0,1.009
2016-10-01,2016,10,Kozhikode,2423,28657,0,1.077
2016-10-01,2016,10,Kannur,2318,31370,0,1.356
2016-10-01,2016,10,Kasaragod,1448,20835,0,1.149
2016-11-01,2016,11,Thiruvananthapuram,2199,24415,0,1.357
2016-11-01,2016,11,Kollam,2773,38366,0,1.141
2016-11-01,2016,11,Alappuzha,2369,32211,0,1.196
2016-11-01,2016,11,Ernakulam,2822,35869,0,1.206
2016-11-01,2016,11,Thrissur,1300,15902,0,1.204
2016-11-01,2016,11,Malappuram,1931,21271,0,1.262
2016-11-01,2016,11,Kozhikode,3123,30274,0,1.388
2016-11-01,2016,11,Kannur,1904,25760,0,1.113
2016-11-01,2016,11,Kasaragod,1770,25307,0,1.405
2016-12-01,2016,12,Thiruvananthapuram,2144,25177,0,1.323
2016-12-01,2016,12,Kollam,2948,40951,0,1.213
2016-12-01,2016,12,Alappuzha,2350,33027,0,1.187
2016-12-01,2016,12,Ernakulam,2748,31121,0,1.174
2016-12-01,2016,12,Thrissur,1625,21436,0,1.505
2016-12-01,2016,12,Malappuram,1709,19283,0,1.117
2016-12-01,2016,12,Kozhikode,2556,36017,0,1.136
2016-12-01,2016,12,Kannur,1968,19389,0,1.151
2016-12-01,2016,12,Kasaragod,1321,17427,0,1.048
2017-01-01,2017,1,Thiruvananthapuram,2156,26069,0,1.331
2017-01-01,2017,1,Kollam,3311,32314,0,1.363
2017-01-01,2017,1,Alappuzha,2404,34758,0,1.214
2017-01-01,2017,1,Ernakulam,3095,43673,0,1.323
2017-01-01,2017,1,Thrissur,1346,13669,0,1.246
2017-01-01,2017,1,Malappuram,1578,21260,0,1.031
2017-01-01,2017,1,Kozhikode,2625,36685,0,1.167
2017-01-01,2017,1,Kannur,1958,27106,0,1.145
2017-01-01,2017,1,Kasaragod,1618,17965,0,1.284
2017-02-01,2017,2,Thiruvananthapuram,1893,26265,0,1.169
2017-02-01,2017,2,Kollam,2976,36379,0,1.225
2017-02-01,2017,2,Alappuzha,2362,29990,0,1.193
2017-02-01,2017,2,Ernakulam,2541,24983,0,1.086
2017-02-01,2017,2,Thrissur,1227,16185,0,1.136
2017-02-01,2017,2,Malappuram,1967,27971,0,1.286
2017-02-01,2017,2,Kozhikode,2668,37894,0,1.186
2017-02-01,2017,2,Kannur,1992,24308,0,1.165
2017-02-01,2017,2,Kasaragod,1657,20988,0,1.315
2017-03-01,2017,3,Thiruvananthapuram,1955,26492,0,1.207
2017-03-01,2017,3,Kollam,2564,27137,0,1.055
2017-03-01,2017,3,Alappuzha,2166,21507,0,1.094
2017-03-01,2017,3,Ernakulam,2775,30658,0,1.186
2017-03-01,2017,3,Thrissur,1221,15502,0,1.131
2017-03-01,2017,3,Malappuram,1654,19328,0,1.081
2017-03-01,2017,3,Kozhikode,2678,30441,0,1.19
2017-03-01,2017,3,Kannur,2164,25937,0,1.265
2017-03-01,2017,3,Kasaragod,1628,20344,0,1.292
2017-04-01,2017,4,Thiruvananthapuram,2116,23561,0,1.306
2017-04-01,2017,4,Kollam,3534,39843,0,1.454
2017-04-01,2017,4,Alappuzha,2308,27698,0,1.166
2017-04-01,2017,4,Ernakulam,2627,35853,0,1.123
2017-04-01,2017,4,Thrissur,1287,15494,0,1.192
2017-04-01,2017,4,Malappuram,2015,20634,0,1.317
2017-04-01,2017,4,Kozhikode,2426,31236,0,1.078
2017-04-01,2017,4,Kannur,1852,22966,0,1.083
2017-04-01,2017,4,Kasaragod,1360,14136,0,1.079
2017-05-01,2017,5,Thiruvananthapuram,1946,27255,0,1.201
2017-05-01,2017,5,Kollam,3021,29060,0,1.243
2017-05-01,2017,5,Alappuzha,2657,26201,0,1.342
2017-05-01,2017,5,Ernakulam,2895,36498,0,1.237
2017-05-01,2017,5,Thrissur,1371,19076,0,1.269
2017-05-01,2017,5,Malappuram,1861,24826,0,1.216
2017-05-01,2017,5,Kozhikode,3283,36834,0,1.459
2017-05-01,2017,5,Kannur,2465,33780,0,1.442
2017-05-01,2017,5,Kasaragod,1511,21408,0,1.199
2017-06-01,2017,6,Thiruvananthapuram,424,5600,1,0.262
2017-06-01,2017,6,Kollam,652,9101,1,0.268
2017-06-01,2017,6,Alappuzha,549,6253,1,0.277
2017-06-01,2017,6,Ernakulam,588,6925,1,0.251
2017-06-01,2017,6,Thrissur,301,2860,1,0.279
2017-06-01,2017,6,Malappuram,389,4384,1,0.254
2017-06-01,2017,6,Kozhikode,532,7385,1,0.236
2017-06-01,2017,6,Kannur,424,5767,1,0.248
2017-06-01,2017,6,Kasaragod,235,2727,1,0.187
2017-07-01,2017,7,Thiruvananthapuram,458,4590,1,0.283
2017-07-01,2017,7,Kollam,608,7118,1,0.25
2017-07-01,2017,7,Alappuzha,549,5336,1,0.277
2017-07-01,2017,7,Ernakulam,497,5022,1,0.212
2017-07-01,2017,7,Thrissur,209,2259,1,0.194
2017-07-01,2017,7,Malappuram,396,4086,1,0.259
2017-07-01,2017,7,Kozhikode,568,7296,1,0.252
2017-07-01,2017,7,Kannur,401,5604,1,0.235
2017-07-01,2017,7,Kasaragod,271,3168,1,0.215
2017-08-01,2017,8,Thiruvananthapuram,1958,19623,0,1.209
2017-08-01,2017,8,Kollam,2907,36870,0,1.196
2017-08-01,2017,8,Alappuzha,2688,36849,0,1.358
2017-08-01,2017,8,Ernakulam,3288,35274,0,1.405
2017-08-01,2017,8,Thrissur,1591,15915,0,1.473
2017-08-01,2017,8,Malappuram,2460,31140,0,1.608
2017-08-01,2017,8,Kozhikode,2570,33228,0,1.142
2017-08-01,2017,8,Kannur,2028,26192,0,1.186
2017-08-01,2017,8,Kasaragod,1306,16225,0,1.037
2017-09-01,2017,9,Thiruvananthapuram,2006,21965,0,1.238
2017-09-01,2017,9,Kollam,2997,34069,0,1.233
2017-09-01,2017,9,Alappuzha,2066,29450,0,1.043
2017-09-01,2017,9,Ernakulam,2317,31085,0,0.99
2017-09-01,2017,9,Thrissur,1395,16645,0,1.292
2017-09-01,2017,9,Malappuram,2026,22942,0,1.324
2017-09-01,2017,9,Kozhikode,2531,26465,0,1.125
2017-09-01,2017,9,Kannur,2007,20648,0,1.174
2017-09-01,2017,9,Kasaragod,1721,23846,0,1.366
2017-10-01,2017,10,Thiruvananthapuram,2077,27963,0,1.282
2017-10-01,2017,10,Kollam,3118,43857,0,1.283
2017-10-01,2017,10,Alappuzha,2228,21410,0,1.125
2017-10-01,2017,10,Ernakulam,3410,41085,0,1.457
2017-10-01,2017,10,Thrissur,1321,17128,0,1.223
2017-10-01,2017,10,Malappuram,1760,20402,0,1.15
2017-10-01,2017,10,Kozhikode,2882,34511,0,1.281
2017-10-01,2017,10,Kannur,2018,27099,0,1.18
2017-10-01,2017,10,Kasaragod,1578,18681,0,1.252
2017-11-01,2017,11,Thiruvananthapuram,2302,28986,0,1.421
2017-11-01,2017,11,Kollam,2479,28799,0,1.02
2017-11-01,2017,11,Alappuzha,2203,31494,0,1.113
2017-11-01,2017,11,Ernakulam,3055,43251,0,1.306
2017-11-01,2017,11,Thrissur,1221,12414,0,1.131
2017-11-01,2017,11,Malappuram,1795,25900,0,1.173
2017-11-01,2017,11,Kozhikode,2483,31708,0,1.104
2017-11-01,2017,11,Kannur,1927,22560,0,1.127
2017-11-01,2017,11,Kasaragod,1414,16569,0,1.122
2017-12-01,2017,12,Thiruvananthapuram,1998,20791,0,1.233
2017-12-01,2017,12,Kollam,2377,25916,0,0.978
2017-12-01,2017,12,Alappuzha,2739,29474,0,1.383
2017-12-01,2017,12,Ernakulam,3335,43022,0,1.425
2017-12-01,2017,12,Thrissur,1259,17547,0,1.166
2017-12-01,2017,12,Malappuram,1763,20169,0,1.152
2017-12-01,2017,12,Kozhikode,2901,39572,0,1.289
2017-12-01,2017,12,Kannur,1852,25567,0,1.083
2017-12-01,2017,12,Kasaragod,1590,16866,0,1.262
2018-01-01,2018,1,Thiruvananthapuram,2351,32458,0,1.451
2018-01-01,2018,1,Kollam,3305,46452,0,1.36
2018-01-01,2018,1,Alappuzha,2117,20479,0,1.069
2018-01-01,2018,1,Ernakulam,2980,34642,0,1.274
2018-01-01,2018,1,Thrissur,1263,13436,0,1.169
2018-01-01,2018,1,Malappuram,2082,24068,0,1.361
2018-01-01,2018,1,Kozhikode,2282,22364,0,1.014
2018-01-01,2018,1,Kannur,2341,29092,0,1.369
2018-01-01,2018,1,Kasaragod,1556,18447,0,1.235
2018-02-01,2018,2,Thiruvananthapuram,1698,19752,0,1.048
2018-02-01,2018,2,Kollam,3108,35801,0,1.279
2018-02-01,2018,2,Alappuzha,2177,31371,0,1.099
2018-02-01,2018,2,Ernakulam,3188,32669,0,1.362
2018-02-01,2018,2,Thrissur,1223,14626,0,1.132
2018-02-01,2018,2,Malappuram,1687,20718,0,1.103
2018-02-01,2018,2,Kozhikode,3001,38395,0,1.334
2018-02-01,2018,2,Kannur,1607,16367,0,0.94
2018-02-01,2018,2,Kasaragod,1741,23223,0,1.382
2018-03-01,2018,3,Thiruvananthapuram,1650,18505,0,1.019
2018-03-01,2018,3,Kollam,3022,29451,0,1.244
2018-03-01,2018,3,Alappuzha,2403,23176,0,1.214
2018-03-01,2018,3,Ernakulam,3630,49315,0,1.551
2018-03-01,2018,3,Thrissur,1131,14053,0,1.047
2018-03-01,2018,3,Malappuram,2108,21076,0,1.378
2018-03-01,2018,3,Kozhikode,2971,37237,0,1.32
2018-03-01,2018,3,Kannur,1442,19677,0,0.843
2018-03-01,2018,3,Kasaragod,1337,13526,0,1.061
2018-04-01,2018,4,Thiruvananthapuram,1911,27033,0,1.18
2018-04-01,2018,4,Kollam,2540,32320,0,1.045
2018-04-01,2018,4,Alappuzha,2349,30085,0,1.186
2018-04-01,2018,4,Ernakulam,3381,37676,0,1.445
2018-04-01,2018,4,Thrissur,1324,17188,0,1.226
2018-04-01,2018,4,Malappuram,1899,19610,0,1.241
2018-04-01,2018,4,Kozhikode,3600,44631,0,1.6
2018-04-01,2018,4,Kannur,1630,19703,0,0.953
2018-04-01,2018,4,Kasaragod,1758,23025,0,1.395
2018-05-01,2018,5,Thiruvananthapuram,2113,29150,0,1.304
2018-05-01,2018,5,Kollam,2889,34740,0,1.189
2018-05-01,2018,5,Alappuzha,2178,24371,0,1.1
2018-05-01,2018,5,Ernakulam,3506,34552,0,1.498
2018-05-01,2018,5,Thrissur,1526,16971,0,1.413
2018-05-01,2018,5,Malappuram,1891,22954,0,1.236
2018-05-01,2018,5,Kozhikode,2983,34199,0,1.326
2018-05-01,2018,5,Kannur,1915,23480,0,1.12
2018-05-01,2018,5,Kasaragod,1436,16191,0,1.14
2018-06-01,2018,6,Thiruvananthapuram,439,4979,1,0.271
2018-06-01,2018,6,Kollam,664,8177,1,0.273
2018-06-01,2018,6,Alappuzha,556,5282,1,0.281
2018-06-01,2018,6,Ernakulam,615,8637,1,0.263
2018-06-01,2018,6,Thrissur,259,3661,1,0.24
2018-06-01,2018,6,Malappuram,342,3281,1,0.224
2018-06-01,2018,6,Kozhikode,704,9908,1,0.313
2018-06-01,2018,6,Kannur,386,4134,1,0.226
2018-06-01,2018,6,Kasaragod,335,3257,1,0.266
2018-07-01,2018,7,Thiruvananthapuram,380,5218,1,0.235
2018-07-01,2018,7,Kollam,791,9749,1,0.326
2018-07-01,2018,7,Alappuzha,551,5688,1,0.278
2018-07-01,2018,7,Ernakulam,485,6366,1,0.207
2018-07-01,2018,7,Thrissur,307,3593,1,0.284
2018-07-01,2018,7,Malappuram,389,5177,1,0.254
2018-07-01,2018,7,Kozhikode,538,7409,1,0.239
2018-07-01,2018,7,Kannur,458,6195,1,0.268
2018-07-01,2018,7,Kasaragod,299,2858,1,0.237
2018-08-01,2018,8,Thiruvananthapuram,1582,17409,0,0.977
2018-08-01,2018,8,Kollam,2817,33350,0,1.159
2018-08-01,2018,8,Alappuzha,2779,31981,0,1.404
2018-08-01,2018,8,Ernakulam,2516,33029,0,1.075
2018-08-01,2018,8,Thrissur,1497,16606,0,1.386
2018-08-01,2018,8,Malappuram,1607,20760,0,1.05
2018-08-01,2018,8,Kozhikode,2858,30108,0,1.27
2018-08-01,2018,8,Kannur,2027,24337,0,1.185
2018-08-01,2018,8,Kasaragod,1524,16114,0,1.21
2018-09-01,2018,9,Thiruvananthapuram,1715,20317,0,1.059
2018-09-01,2018,9,Kollam,3044,35929,0,1.253
2018-09-01,2018,9,Alappuzha,2274,25559,0,1.148
2018-09-01,2018,9,Ernakulam,2875,35748,0,1.229
2018-09-01,2018,9,Thrissur,1189,11661,0,1.101
2018-09-01,2018,9,Malappuram,1902,19342,0,1.243
2018-09-01,2018,9,Kozhikode,2520,30211,0,1.12
2018-09-01,2018,9,Kannur,2002,26766,0,1.171
2018-09-01,2018,9,Kasaragod,1391,16289,0,1.104
2018-10-01,2018,10,Thiruvananthapuram,1903,18284,0,1.175
2018-10-01,2018,10,Kollam,2526,27625,0,1.04
2018-10-01,2018,10,Alappuzha,2105,28599,0,1.063
2018-10-01,2018,10,Ernakulam,2503,28761,0,1.07
2018-10-01,2018,10,Thrissur,1514,17793,0,1.402
2018-10-01,2018,10,Malappuram,2192,23355,0,1.433
2018-10-01,2018,10,Kozhikode,3099,32115,0,1.377
2018-10-01,2018,10,Kannur,2039,21563,0,1.192
2018-10-01,2018,10,Kasaragod,1613,23115,0,1.28
2018-11-01,2018,11,Thiruvananthapuram,2180,29347,0,1.346
2018-11-01,2018,11,Kollam,2696,38979,0,1.109
2018-11-01,2018,11,Alappuzha,2337,31477,0,1.18
2018-11-01,2018,11,Ernakulam,3091,41240,0,1.321
2018-11-01,2018,11,Thrissur,1426,19143,0,1.32
2018-11-01,2018,11,Malappuram,1888,25754,0,1.234
2018-11-01,2018,11,Kozhikode,3160,40740,0,1.404
2018-11-01,2018,11,Kannur,2502,34970,0,1.463
2018-11-01,2018,11,Kasaragod,1472,18334,0,1.168
2018-12-01,2018,12,Thiruvananthapuram,2196,20917,0,1.356
2018-12-01,2018,12,Kollam,2915,38196,0,1.2
2018-12-01,2018,12,Alappuzha,2558,28085,0,1.292
2018-12-01,2018,12,Ernakulam,2840,29092,0,1.214
2018-12-01,2018,12,Thrissur,1245,17242,0,1.153
2018-12-01,2018,12,Malappuram,1946,27619,0,1.272
2018-12-01,2018,12,Kozhikode,1862,23951,0,0.828
2018-12-01,2018,12,Kannur,2452,29231,0,1.434
2018-12-01,2018,12,Kasaragod,1419,14801,0,1.126
2019-01-01,2019,1,Thiruvananthapuram,2279,23070,0,1.407
2019-01-01,2019,1,Kollam,3782,52299,0,1.556
2019-01-01,2019,1,Alappuzha,2327,22187,0,1.175
2019-01-01,2019,1,Ernakulam,3101,34805,0,1.325
2019-01-01,2019,1,Thrissur,1293,18126,0,1.197
2019-01-01,2019,1,Malappuram,1688,16354,0,1.103
2019-01-01,2019,1,Kozhikode,2307,33254,0,1.025
2019-01-01,2019,1,Kannur,2261,27098,0,1.322
2019-01-01,2019,1,Kasaragod,1720,23460,0,1.365
2019-02-01,2019,2,Thiruvananthapuram,1815,17566,0,1.12
2019-02-01,2019,2,Kollam,3378,42237,0,1.39
2019-02-01,2019,2,Alappuzha,2435,28846,0,1.23
2019-02-01,2019,2,Ernakulam,2766,30152,0,1.182
2019-02-01,2019,2,Thrissur,1671,19146,0,1.547
2019-02-01,2019,2,Malappuram,1781,22499,0,1.164
2019-02-01,2019,2,Kozhikode,2744,38068,0,1.22
2019-02-01,2019,2,Kannur,1782,19650,0,1.042
2019-02-01,2019,2,Kasaragod,1479,18268,0,1.174
2019-03-01,2019,3,Thiruvananthapuram,1513,20883,0,0.934
2019-03-01,2019,3,Kollam,2387,25230,0,0.982
2019-03-01,2019,3,Alappuzha,2431,33710,0,1.228
2019-03-01,2019,3,Ernakulam,2577,30296,0,1.101
2019-03-01,2019,3,Thrissur,1056,14918,0,0.978
2019-03-01,2019,3,Malappuram,2300,33100,0,1.503
2019-03-01,2019,3,Kozhikode,2837,33730,0,1.261
2019-03-01,2019,3,Kannur,1714,23760,0,1.002
2019-03-01,2019,3,Kasaragod,1702,17245,0,1.351
2019-04-01,2019,4,Thiruvananthapuram,2266,22346,0,1.399
2019-04-01,2019,4,Kollam,3225,38752,0,1.327
2019-04-01,2019,4,Alappuzha,2599,33891,0,1.313
2019-04-01,2019,4,Ernakulam,3577,42971,0,1.529
2019-04-01,2019,4,Thrissur,1533,15743,0,1.419
2019-04-01,2019,4,Malappuram,1823,22796,0,1.192
2019-04-01,2019,4,Kozhikode,2539,30111,0,1.128
2019-04-01,2019,4,Kannur,2307,26464,0,1.349
2019-04-01,2019,4,Kasaragod,2134,25877,0,1.694
2019-05-01,2019,5,Thiruvananthapuram,1481,15931,0,0.914
2019-05-01,2019,5,Kollam,2630,27175,0,1.082
2019-05-01,2019,5,Alappuzha,2143,21661,0,1.082
2019-05-01,2019,5,Ernakulam,2959,38554,0,1.265
2019-05-01,2019,5,Thrissur,1444,20599,0,1.337
2019-05-01,2019,5,Malappuram,1859,23353,0,1.215
2019-05-01,2019,5,Kozhikode,3314,43910,0,1.473
2019-05-01,2019,5,Kannur,2062,25674,0,1.206
2019-05-01,2019,5,Kasaragod,1992,24200,0,1.581
2019-06-01,2019,6,Thiruvananthapuram,416,4937,1,0.257
2019-06-01,2019,6,Kollam,653,7955,1,0.269
2019-06-01,2019,6,Alappuzha,424,4644,1,0.214
2019-06-01,2019,6,Ernakulam,712,7546,1,0.304
2019-06-01,2019,6,Thrissur,211,2947,1,0.195
2019-06-01,2019,6,Malappuram,487,5772,1,0.318
2019-06-01,2019,6,Kozhikode,586,7366,1,0.26
2019-06-01,2019,6,Kannur,383,5167,1,0.224
2019-06-01,2019,6,Kasaragod,295,3456,1,0.234
2019-07-01,2019,7,Thiruvananthapuram,358,4067,1,0.221
2019-07-01,2019,7,Kollam,712,7511,1,0.293
2019-07-01,2019,7,Alappuzha,641,8900,1,0.324
2019-07-01,2019,7,Ernakulam,618,7868,1,0.264
2019-07-01,2019,7,Thrissur,289,3594,1,0.268
2019-07-01,2019,7,Malappuram,350,3335,1,0.229
2019-07-01,2019,7,Kozhikode,530,5617,1,0.236
2019-07-01,2019,7,Kannur,328,3687,1,0.192
2019-07-01,2019,7,Kasaragod,368,3713,1,0.292
2019-08-01,2019,8,Thiruvananthapuram,2011,20327,0,1.241
2019-08-01,2019,8,Kollam,2938,40671,0,1.209
2019-08-01,2019,8,Alappuzha,2025,27272,0,1.023
2019-08-01,2019,8,Ernakulam,2865,28446,0,1.224
2019-08-01,2019,8,Thrissur,1281,14117,0,1.186
2019-08-01,2019,8,Malappuram,1849,25139,0,1.208
2019-08-01,2019,8,Kozhikode,2879,36797,0,1.28
2019-08-01,2019,8,Kannur,2087,26183,0,1.22
2019-08-01,2019,8,Kasaragod,1231,17067,0,0.977
2019-09-01,2019,9,Thiruvananthapuram,2343,28784,0,1.446
2019-09-01,2019,9,Kollam,2886,35741,0,1.188
2019-09-01,2019,9,Alappuzha,2438,28743,0,1.231
2019-09-01,2019,9,Ernakulam,3273,41152,0,1.399
2019-09-01,2019,9,Thrissur,1151,14337,0,1.066
2019-09-01,2019,9,Malappuram,1397,17991,0,0.913
2019-09-01,2019,9,Kozhikode,2717,37102,0,1.208
2019-09-01,2019,9,Kannur,2433,31575,0,1.423
2019-09-01,2019,9,Kasaragod,1733,25026,0,1.375
2019-10-01,2019,10,Thiruvananthapuram,2165,23531,0,1.336
2019-10-01,2019,10,Kollam,3662,52234,0,1.507
2019-10-01,2019,10,Alappuzha,2549,28831,0,1.287
2019-10-01,2019,10,Ernakulam,2839,35054,0,1.213
2019-10-01,2019,10,Thrissur,1397,16059,0,1.294
2019-10-01,2019,10,Malappuram,2003,25920,0,1.309
2019-10-01,2019,10,Kozhikode,2655,29335,0,1.18
2019-10-01,2019,10,Kannur,1884,25842,0,1.102
2019-10-01,2019,10,Kasaragod,1562,15079,0,1.24
2019-11-01,2019,11,Thiruvananthapuram,1870,22328,0,1.154
2019-11-01,2019,11,Kollam,2859,37315,0,1.177
2019-11-01,2019,11,Alappuzha,2378,31685,0,1.201
2019-11-01,2019,11,Ernakulam,2941,37170,0,1.257
2019-11-01,2019,11,Thrissur,1278,13337,0,1.183
2019-11-01,2019,11,Malappuram,1934,27092,0,1.264
2019-11-01,2019,11,Kozhikode,2399,31507,0,1.066
2019-11-01,2019,11,Kannur,1857,23251,0,1.086
2019-11-01,2019,11,Kasaragod,1848,22986,0,1.467
2019-12-01,2019,12,Thiruvananthapuram,2158,30768,0,1.332
2019-12-01,2019,12,Kollam,2636,36072,0,1.085
2019-12-01,2019,12,Alappuzha,1992,20616,0,1.006
2019-12-01,2019,12,Ernakulam,2741,27554,0,1.171
2019-12-01,2019,12,Thrissur,1219,16023,0,1.129
2019-12-01,2019,12,Malappuram,1822,19384,0,1.191
2019-12-01,2019,12,Kozhikode,2742,37257,0,1.219
2019-12-01,2019,12,Kannur,2208,22601,0,1.291
2019-12-01,2019,12,Kasaragod,2010,23101,0,1.595
2020-01-01,2020,1,Thiruvananthapuram,2046,19516,0,1.263
2020-01-01,2020,1,Kollam,4166,58957,0,1.714
2020-01-01,2020,1,Alappuzha,2366,22686,0,1.195
2020-01-01,2020,1,Ernakulam,2569,28350,0,1.098
2020-01-01,2020,1,Thrissur,1388,13592,0,1.285
2020-01-01,2020,1,Malappuram,2117,24230,0,1.384
2020-01-01,2020,1,Kozhikode,2705,31319,0,1.202
2020-01-01,2020,1,Kannur,2266,25389,0,1.325
2020-01-01,2020,1,Kasaragod,1668,18978,0,1.324
2020-02-01,2020,2,Thiruvananthapuram,2019,26329,0,1.246
2020-02-01,2020,2,Kollam,3162,42880,0,1.301
2020-02-01,2020,2,Alappuzha,2727,29365,0,1.377
2020-02-01,2020,2,Ernakulam,2720,27023,0,1.162
2020-02-01,2020,2,Thrissur,1325,14248,0,1.227
2020-02-01,2020,2,Malappuram,2069,23133,0,1.352
2020-02-01,2020,2,Kozhikode,3239,44317,0,1.44
2020-02-01,2020,2,Kannur,2049,28868,0,1.198
2020-02-01,2020,2,Kasaragod,1515,21291,0,1.202
2020-03-01,2020,3,Thiruvananthapuram,775,7649,0,0.478
2020-03-01,2020,3,Kollam,816,11150,0,0.336
2020-03-01,2020,3,Alappuzha,799,9598,0,0.404
2020-03-01,2020,3,Ernakulam,1044,14762,0,0.446
2020-03-01,2020,3,Thrissur,481,6853,0,0.445
2020-03-01,2020,3,Malappuram,641,8318,0,0.419
2020-03-01,2020,3,Kozhikode,860,9489,0,0.382
2020-03-01,2020,3,Kannur,633,7399,0,0.37
2020-03-01,2020,3,Kasaragod,550,7453,0,0.437
2020-04-01,2020,4,Thiruvananthapuram,704,9074,0,0.435
2020-04-01,2020,4,Kollam,1266,17206,0,0.521
2020-04-01,2020,4,Alappuzha,809,9156,0,0.409
2020-04-01,2020,4,Ernakulam,1026,11985,0,0.438
2020-04-01,2020,4,Thrissur,497,7006,0,0.46
2020-04-01,2020,4,Malappuram,699,9718,0,0.457
2020-04-01,2020,4,Kozhikode,982,9401,0,0.436
2020-04-01,2020,4,Kannur,704,8922,0,0.412
2020-04-01,2020,4,Kasaragod,429,4929,0,0.34
2020-05-01,2020,5,Thiruvananthapuram,675,9539,0,0.417
2020-05-01,2020,5,Kollam,991,10597,0,0.408
2020-05-01,2020,5,Alappuzha,900,12710,0,0.455
2020-05-01,2020,5,Ernakulam,1101,15711,0,0.471
2020-05-01,2020,5,Thrissur,446,5100,0,0.413
2020-05-01,2020,5,Malappuram,621,5911,0,0.406
2020-05-01,2020,5,Kozhikode,943,12043,0,0.419
2020-05-01,2020,5,Kannur,820,11804,0,0.48
2020-05-01,2020,5,Kasaragod,564,6621,0,0.448
2020-06-01,2020,6,Thiruvananthapuram,382,4494,1,0.236
2020-06-01,2020,6,Kollam,708,9379,1,0.291
2020-06-01,2020,6,Alappuzha,585,7449,1,0.295
2020-06-01,2020,6,Ernakulam,601,5781,1,0.257
2020-06-01,2020,6,Thrissur,312,3820,1,0.289
2020-06-01,2020,6,Malappuram,304,4376,1,0.199
2020-06-01,2020,6,Kozhikode,561,7356,1,0.249
2020-06-01,2020,6,Kannur,448,4989,1,0.262
2020-06-01,2020,6,Kasaragod,285,3573,1,0.226
2020-07-01,2020,7,Thiruvananthapuram,346,3938,1,0.214
2020-07-01,2020,7,Kollam,736,8325,1,0.303
2020-07-01,2020,7,Alappuzha,532,6516,1,0.269
2020-07-01,2020,7,Ernakulam,475,5066,1,0.203
2020-07-01,2020,7,Thrissur,306,3106,1,0.283
2020-07-01,2020,7,Malappuram,234,3021,1,0.153
2020-07-01,2020,7,Kozhikode,434,5457,1,0.193
2020-07-01,2020,7,Kannur,431,5772,1,0.252
2020-07-01,2020,7,Kasaragod,312,4154,1,0.248
2020-08-01,2020,8,Thiruvananthapuram,1432,20691,0,0.884
2020-08-01,2020,8,Kollam,2963,31947,0,1.219
2020-08-01,2020,8,Alappuzha,2697,34058,0,1.362
2020-08-01,2020,8,Ernakulam,2422,31294,0,1.035
2020-08-01,2020,8,Thrissur,1418,14269,0,1.313
2020-08-01,2020,8,Malappuram,1598,17907,0,1.044
2020-08-01,2020,8,Kozhikode,2945,32795,0,1.309
2020-08-01,2020,8,Kannur,1974,24760,0,1.154
2020-08-01,2020,8,Kasaragod,1496,19828,0,1.187
2020-09-01,2020,9,Thiruvananthapuram,2168,29565,0,1.338
2020-09-01,2020,9,Kollam,3233,35058,0,1.33
2020-09-01,2020,9,Alappuzha,2388,30793,0,1.206
2020-09-01,2020,9,Ernakulam,3059,34133,0,1.307
2020-09-01,2020,9,Thrissur,1156,16050,0,1.07
2020-09-01,2020,9,Malappuram,1755,23361,0,1.147
2020-09-01,2020,9,Kozhikode,2437,31455,0,1.083
2020-09-01,2020,9,Kannur,2054,21685,0,1.201
2020-09-01,2020,9,Kasaragod,1637,21817,0,1.299
2020-10-01,2020,10,Thiruvananthapuram,2010,27559,0,1.241
2020-10-01,2020,10,Kollam,2922,29942,0,1.202
2020-10-01,2020,10,Alappuzha,2194,21949,0,1.108
2020-10-01,2020,10,Ernakulam,3066,39596,0,1.31
2020-10-01,2020,10,Thrissur,1442,19316,0,1.335
2020-10-01,2020,10,Malappuram,1692,22858,0,1.106
2020-10-01,2020,10,Kozhikode,2861,36316,0,1.272
2020-10-01,2020,10,Kannur,1533,20853,0,0.896
2020-10-01,2020,10,Kasaragod,1580,16079,0,1.254
2020-11-01,2020,11,Thiruvananthapuram,1774,23256,0,1.095
2020-11-01,2020,11,Kollam,2864,30130,0,1.179
2020-11-01,2020,11,Alappuzha,2814,30478,0,1.421
2020-11-01,2020,11,Ernakulam,3224,32288,0,1.378
2020-11-01,2020,11,Thrissur,1458,16748,0,1.35
2020-11-01,2020,11,Malappuram,1551,20427,0,1.014
2020-11-01,2020,11,Kozhikode,3007,30684,0,1.336
2020-11-01,2020,11,Kannur,1855,22727,0,1.085
2020-11-01,2020,11,Kasaragod,1620,20004,0,1.286
2020-12-01,2020,12,Thiruvananthapuram,2575,26864,0,1.59
2020-12-01,2020,12,Kollam,3279,34648,0,1.349
2020-12-01,2020,12,Alappuzha,2631,37297,0,1.329
2020-12-01,2020,12,Ernakulam,2823,36417,0,1.206
2020-12-01,2020,12,Thrissur,1238,17675,0,1.146
2020-12-01,2020,12,Malappuram,1810,24589,0,1.183
2020-12-01,2020,12,Kozhikode,2984,29175,0,1.326
2020-12-01,2020,12,Kannur,1840,20914,0,1.076
2020-12-01,2020,12,Kasaragod,1461,18055,0,1.16
2021-01-01,2021,1,Thiruvananthapuram,1644,18365,0,1.015
2021-01-01,2021,1,Kollam,2552,32732,0,1.05
2021-01-01,2021,1,Alappuzha,2029,26936,0,1.025
2021-01-01,2021,1,Ernakulam,2827,37933,0,1.208
2021-01-01,2021,1,Thrissur,1360,16826,0,1.259
2021-01-01,2021,1,Malappuram,1900,22861,0,1.242
2021-01-01,2021,1,Kozhikode,3121,36704,0,1.387
2021-01-01,2021,1,Kannur,1855,23868,0,1.085
2021-01-01,2021,1,Kasaragod,1834,26347,0,1.456
2021-02-01,2021,2,Thiruvananthapuram,1985,27997,0,1.225
2021-02-01,2021,2,Kollam,3227,36569,0,1.328
2021-02-01,2021,2,Alappuzha,2720,39129,0,1.374
2021-02-01,2021,2,Ernakulam,2535,29412,0,1.083
2021-02-01,2021,2,Thrissur,1340,18355,0,1.241
2021-02-01,2021,2,Malappuram,1891,20560,0,1.236
2021-02-01,2021,2,Kozhikode,3215,39552,0,1.429
2021-02-01,2021,2,Kannur,2212,30297,0,1.294
2021-02-01,2021,2,Kasaragod,1469,16570,0,1.166
2021-03-01,2021,3,Thiruvananthapuram,2136,23826,0,1.319
2021-03-01,2021,3,Kollam,3159,33208,0,1.3
2021-03-01,2021,3,Alappuzha,2459,32161,0,1.242
2021-03-01,2021,3,Ernakulam,3600,35983,0,1.538
2021-03-01,2021,3,Thrissur,1483,15715,0,1.373
2021-03-01,2021,3,Malappuram,1579,21704,0,1.032
2021-03-01,2021,3,Kozhikode,2415,23000,0,1.073
2021-03-01,2021,3,Kannur,2138,29454,0,1.25
2021-03-01,2021,3,Kasaragod,1595,21404,0,1.266
2021-04-01,2021,4,Thiruvananthapuram,1708,20356,0,1.054
2021-04-01,2021,4,Kollam,2693,34581,0,1.108
2021-04-01,2021,4,Alappuzha,2625,29099,0,1.326
2021-04-01,2021,4,Ernakulam,2781,30473,0,1.188
2021-04-01,2021,4,Thrissur,1184,12511,0,1.096
2021-04-01,2021,4,Malappuram,1786,18632,0,1.167
2021-04-01,2021,4,Kozhikode,2959,33126,0,1.315
2021-04-01,2021,4,Kannur,1956,23568,0,1.144
2021-04-01,2021,4,Kasaragod,1461,14203,0,1.16
2021-05-01,2021,5,Thiruvananthapuram,1824,20576,0,1.126
2021-05-01,2021,5,Kollam,2943,31595,0,1.211
2021-05-01,2021,5,Alappuzha,1911,23957,0,0.965
2021-05-01,2021,5,Ernakulam,2851,27187,0,1.218
2021-05-01,2021,5,Thrissur,1278,12378,0,1.183
2021-05-01,2021,5,Malappuram,2109,28201,0,1.378
2021-05-01,2021,5,Kozhikode,2686,30595,0,1.194
2021-05-01,2021,5,Kannur,2156,22512,0,1.261
2021-05-01,2021,5,Kasaragod,1752,18702,0,1.39
2021-06-01,2021,6,Thiruvananthapuram,418,5398,1,0.258
2021-06-01,2021,6,Kollam,723,7685,1,0.298
2021-06-01,2021,6,Alappuzha,666,9476,1,0.336
2021-06-01,2021,6,Ernakulam,469,4758,1,0.2
2021-06-01,2021,6,Thrissur,216,2378,1,0.2
2021-06-01,2021,6,Malappuram,417,5176,1,0.273
2021-06-01,2021,6,Kozhikode,518,5956,1,0.23
2021-06-01,2021,6,Kannur,345,3668,1,0.202
2021-06-01,2021,6,Kasaragod,359,4275,1,0.285
2021-07-01,2021,7,Thiruvananthapuram,486,5172,1,0.3
2021-07-01,2021,7,Kollam,631,7334,1,0.26
2021-07-01,2021,7,Alappuzha,485,4955,1,0.245
2021-07-01,2021,7,Ernakulam,738,8766,1,0.315
2021-07-01,2021,7,Thrissur,213,2025,1,0.197
2021-07-01,2021,7,Malappuram,309,3998,1,0.202
2021-07-01,2021,7,Kozhikode,626,7365,1,0.278
2021-07-01,2021,7,Kannur,355,5118,1,0.208
2021-07-01,2021,7,Kasaragod,310,3296,1,0.246
2021-08-01,2021,8,Thiruvananthapuram,1658,22275,0,1.023
2021-08-01,2021,8,Kollam,2538,36249,0,1.044
2021-08-01,2021,8,Alappuzha,2248,28704,0,1.135
2021-08-01,2021,8,Ernakulam,2964,33020,0,1.267
2021-08-01,2021,8,Thrissur,1316,16400,0,1.219
2021-08-01,2021,8,Malappuram,2011,29114,0,1.314
2021-08-01,2021,8,Kozhikode,3010,32400,0,1.338
2021-08-01,2021,8,Kannur,1731,18968,0,1.012
2021-08-01,2021,8,Kasaragod,1511,15270,0,1.199
2021-09-01,2021,9,Thiruvananthapuram,2360,23931,0,1.457
2021-09-01,2021,9,Kollam,2148,21978,0,0.884
2021-09-01,2021,9,Alappuzha,2609,34227,0,1.318
2021-09-01,2021,9,Ernakulam,2412,33553,0,1.031
2021-09-01,2021,9,Thrissur,1207,12996,0,1.118
2021-09-01,2021,9,Malappuram,2028,26328,0,1.325
2021-09-01,2021,9,Kozhikode,2623,36049,0,1.166
2021-09-01,2021,9,Kannur,2127,24958,0,1.244
2021-09-01,2021,9,Kasaragod,1333,17189,0,1.058
2021-10-01,2021,10,Thiruvananthapuram,1786,22123,0,1.102
2021-10-01,2021,10,Kollam,2766,34570,0,1.138
2021-10-01,2021,10,Alappuzha,2524,28536,0,1.275
2021-10-01,2021,10,Ernakulam,3329,39959,0,1.423
2021-10-01,2021,10,Thrissur,1123,11885,0,1.04
2021-10-01,2021,10,Malappuram,1721,20858,0,1.125
2021-10-01,2021,10,Kozhikode,2890,39697,0,1.284
2021-10-01,2021,10,Kannur,2075,27999,0,1.213
2021-10-01,2021,10,Kasaragod,1404,17290,0,1.114
2021-11-01,2021,11,Thiruvananthapuram,2073,26833,0,1.28
2021-11-01,2021,11,Kollam,2373,25502,0,0.977
2021-11-01,2021,11,Alappuzha,2099,26720,0,1.06
2021-11-01,2021,11,Ernakulam,2225,26334,0,0.951
2021-11-01,2021,11,Thrissur,1028,12394,0,0.952
2021-11-01,2021,11,Malappuram,2082,21543,0,1.361
2021-11-01,2021,11,Kozhikode,2988,30932,0,1.328
2021-11-01,2021,11,Kannur,2032,22506,0,1.188
2021-11-01,2021,11,Kasaragod,1423,17000,0,1.129
2021-12-01,2021,12,Thiruvananthapuram,1833,21890,0,1.131
2021-12-01,2021,12,Kollam,3035,42924,0,1.249
2021-12-01,2021,12,Alappuzha,2841,41131,0,1.435
2021-12-01,2021,12,Ernakulam,2580,36750,0,1.103
2021-12-01,2021,12,Thrissur,1240,14811,0,1.148
2021-12-01,2021,12,Malappuram,1717,22905,0,1.122
2021-12-01,2021,12,Kozhikode,2824,29388,0,1.255
2021-12-01,2021,12,Kannur,1903,25461,0,1.113
2021-12-01,2021,12,Kasaragod,1703,19342,0,1.352
2022-01-01,2022,1,Thiruvananthapuram,1951,21184,0,1.204
2022-01-01,2022,1,Kollam,3349,46159,0,1.378
2022-01-01,2022,1,Alappuzha,2456,26993,0,1.24
2022-01-01,2022,1,Ernakulam,3612,43826,0,1.544
2022-01-01,2022,1,Thrissur,1527,19167,0,1.414
2022-01-01,2022,1,Malappuram,1964,19634,0,1.284
2022-01-01,2022,1,Kozhikode,2346,26070,0,1.043
2022-01-01,2022,1,Kannur,2033,29036,0,1.189
2022-01-01,2022,1,Kasaragod,1645,20439,0,1.306
2022-02-01,2022,2,Thiruvananthapuram,2097,23363,0,1.294
2022-02-01,2022,2,Kollam,3105,30270,0,1.278
2022-02-01,2022,2,Alappuzha,2469,32802,0,1.247
2022-02-01,2022,2,Ernakulam,2772,33208,0,1.185
2022-02-01,2022,2,Thrissur,1309,13424,0,1.212
2022-02-01,2022,2,Malappuram,1484,17992,0,0.97
2022-02-01,2022,2,Kozhikode,2954,34075,0,1.313
2022-02-01,2022,2,Kannur,1813,26152,0,1.06
2022-02-01,2022,2,Kasaragod,1702,19022,0,1.351
2022-03-01,2022,3,Thiruvananthapuram,2264,32103,0,1.398
2022-03-01,2022,3,Kollam,3745,48847,0,1.541
2022-03-01,2022,3,Alappuzha,2408,33582,0,1.216
2022-03-01,2022,3,Ernakulam,2444,24682,0,1.044
2022-03-01,2022,3,Thrissur,1465,17816,0,1.356
2022-03-01,2022,3,Malappuram,1957,23936,0,1.279
2022-03-01,2022,3,Kozhikode,2884,32159,0,1.282
2022-03-01,2022,3,Kannur,1505,20886,0,0.88
2022-03-01,2022,3,Kasaragod,1436,19309,0,1.14
2022-04-01,2022,4,Thiruvananthapuram,1915,23685,0,1.182
2022-04-01,2022,4,Kollam,2596,36767,0,1.068
2022-04-01,2022,4,Alappuzha,2725,32977,0,1.376
2022-04-01,2022,4,Ernakulam,2757,27754,0,1.178
2022-04-01,2022,4,Thrissur,1540,20573,0,1.426
2022-04-01,2022,4,Malappuram,1948,20447,0,1.273
2022-04-01,2022,4,Kozhikode,2635,36348,0,1.171
2022-04-01,2022,4,Kannur,2438,25729,0,1.426
2022-04-01,2022,4,Kasaragod,1709,24530,0,1.356
2022-05-01,2022,5,Thiruvananthapuram,2419,30602,0,1.493
2022-05-01,2022,5,Kollam,2445,32521,0,1.006
2022-05-01,2022,5,Alappuzha,1963,26849,0,0.991
2022-05-01,2022,5,Ernakulam,3415,46825,0,1.459
2022-05-01,2022,5,Thrissur,1266,14459,0,1.172
2022-05-01,2022,5,Malappuram,1585,18755,0,1.036
2022-05-01,2022,5,Kozhikode,2744,27950,0,1.22
2022-05-01,2022,5,Kannur,2045,24988,0,1.196
2022-05-01,2022,5,Kasaragod,1612,22737,0,1.279
2022-06-01,2022,6,Thiruvananthapuram,461,6133,1,0.285
2022-06-01,2022,6,Kollam,515,6911,1,0.212
2022-06-01,2022,6,Alappuzha,333,4443,1,0.168
2022-06-01,2022,6,Ernakulam,544,5283,1,0.232
2022-06-01,2022,6,Thrissur,246,2893,1,0.228
2022-06-01,2022,6,Malappuram,419,4352,1,0.274
2022-06-01,2022,6,Kozhikode,500,6163,1,0.222
2022-06-01,2022,6,Kannur,471,4671,1,0.275
2022-06-01,2022,6,Kasaragod,260,3701,1,0.206
2022-07-01,2022,7,Thiruvananthapuram,401,5554,1,0.248
2022-07-01,2022,7,Kollam,667,7798,1,0.274
2022-07-01,2022,7,Alappuzha,497,4828,1,0.251
2022-07-01,2022,7,Ernakulam,546,5460,1,0.233
2022-07-01,2022,7,Thrissur,261,2875,1,0.242
2022-07-01,2022,7,Malappuram,296,3029,1,0.193
2022-07-01,2022,7,Kozhikode,525,6335,1,0.233
2022-07-01,2022,7,Kannur,379,5466,1,0.222
2022-07-01,2022,7,Kasaragod,348,4966,1,0.276
2022-08-01,2022,8,Thiruvananthapuram,1684,22617,0,1.04
2022-08-01,2022,8,Kollam,2996,28620,0,1.233
2022-08-01,2022,8,Alappuzha,2316,24815,0,1.17
2022-08-01,2022,8,Ernakulam,2039,27481,0,0.871
2022-08-01,2022,8,Thrissur,1338,13364,0,1.239
2022-08-01,2022,8,Malappuram,1848,21028,0,1.208
2022-08-01,2022,8,Kozhikode,2548,27665,0,1.132
2022-08-01,2022,8,Kannur,2219,28502,0,1.298
2022-08-01,2022,8,Kasaragod,1643,16265,0,1.304
2022-09-01,2022,9,Thiruvananthapuram,2208,28677,0,1.363
2022-09-01,2022,9,Kollam,2929,33417,0,1.205
2022-09-01,2022,9,Alappuzha,2613,25484,0,1.32
2022-09-01,2022,9,Ernakulam,3076,39975,0,1.315
2022-09-01,2022,9,Thrissur,1505,16010,0,1.394
2022-09-01,2022,9,Malappuram,2019,22401,0,1.32
2022-09-01,2022,9,Kozhikode,2903,39625,0,1.29
2022-09-01,2022,9,Kannur,2292,31040,0,1.34
2022-09-01,2022,9,Kasaragod,1472,20845,0,1.168
2022-10-01,2022,10,Thiruvananthapuram,1418,15992,0,0.875
2022-10-01,2022,10,Kollam,2829,35575,0,1.164
2022-10-01,2022,10,Alappuzha,3047,34138,0,1.539
2022-10-01,2022,10,Ernakulam,2826,39089,0,1.208
2022-10-01,2022,10,Thrissur,1360,17203,0,1.259
2022-10-01,2022,10,Malappuram,1591,19999,0,1.04
2022-10-01,2022,10,Kozhikode,3369,35217,0,1.497
2022-10-01,2022,10,Kannur,2222,28472,0,1.299
2022-10-01,2022,10,Kasaragod,1578,20706,0,1.252
2022-11-01,2022,11,Thiruvananthapuram,2036,28618,0,1.257
2022-11-01,2022,11,Kollam,3563,39192,0,1.466
2022-11-01,2022,11,Alappuzha,2005,27047,0,1.013
2022-11-01,2022,11,Ernakulam,2817,34797,0,1.204
2022-11-01,2022,11,Thrissur,1299,13680,0,1.203
2022-11-01,2022,11,Malappuram,1824,22893,0,1.192
2022-11-01,2022,11,Kozhikode,3154,34135,0,1.402
2022-11-01,2022,11,Kannur,2309,26008,0,1.35
2022-11-01,2022,11,Kasaragod,1193,14964,0,0.947
2022-12-01,2022,12,Thiruvananthapuram,1791,25425,0,1.106
2022-12-01,2022,12,Kollam,3040,32601,0,1.251
2022-12-01,2022,12,Alappuzha,2783,26886,0,1.406
2022-12-01,2022,12,Ernakulam,2777,37767,0,1.187
2022-12-01,2022,12,Thrissur,1252,15151,0,1.159
2022-12-01,2022,12,Malappuram,1800,20867,0,1.176
2022-12-01,2022,12,Kozhikode,3220,31731,0,1.431
2022-12-01,2022,12,Kannur,1550,16717,0,0.906
2022-12-01,2022,12,Kasaragod,1899,25439,0,1.507
2023-01-01,2023,1,Thiruvananthapuram,2283,27975,0,1.409
2023-01-01,2023,1,Kollam,3000,43451,0,1.235
2023-01-01,2023,1,Alappuzha,2507,33827,0,1.266
2023-01-01,2023,1,Ernakulam,2515,27368,0,1.075
2023-01-01,2023,1,Thrissur,1548,17591,0,1.433
2023-01-01,2023,1,Malappuram,1646,20251,0,1.076
2023-01-01,2023,1,Kozhikode,2746,39012,0,1.22
2023-01-01,2023,1,Kannur,2242,29970,0,1.311
2023-01-01,2023,1,Kasaragod,1539,15271,0,1.221
2023-02-01,2023,2,Thiruvananthapuram,1818,19129,0,1.122
2023-02-01,2023,2,Kollam,2732,35246,0,1.124
2023-02-01,2023,2,Alappuzha,2302,24703,0,1.163
2023-02-01,2023,2,Ernakulam,2718,26019,0,1.162
2023-02-01,2023,2,Thrissur,1266,12225,0,1.172
2023-02-01,2023,2,Malappuram,1937,20701,0,1.266
2023-02-01,2023,2,Kozhikode,2970,35408,0,1.32
2023-02-01,2023,2,Kannur,1894,21602,0,1.108
2023-02-01,2023,2,Kasaragod,1608,16555,0,1.276
2023-03-01,2023,3,Thiruvananthapuram,2070,19710,0,1.278
2023-03-01,2023,3,Kollam,2426,35054,0,0.998
2023-03-01,2023,3,Alappuzha,2704,29114,0,1.366
2023-03-01,2023,3,Ernakulam,3146,42626,0,1.344
2023-03-01,2023,3,Thrissur,1521,20845,0,1.408
2023-03-01,2023,3,Malappuram,1915,20138,0,1.252
2023-03-01,2023,3,Kozhikode,2952,36486,0,1.312
2023-03-01,2023,3,Kannur,2027,29186,0,1.185
2023-03-01,2023,3,Kasaragod,1420,16841,0,1.127
2023-04-01,2023,4,Thiruvananthapuram,1996,22760,0,1.232
2023-04-01,2023,4,Kollam,2510,35066,0,1.033
2023-04-01,2023,4,Alappuzha,2899,31852,0,1.464
2023-04-01,2023,4,Ernakulam,2356,27344,0,1.007
2023-04-01,2023,4,Thrissur,1381,19627,0,1.279
2023-04-01,2023,4,Malappuram,1994,25632,0,1.303
2023-04-01,2023,4,Kozhikode,2970,39651,0,1.32
2023-04-01,2023,4,Kannur,2184,31456,0,1.277
2023-04-01,2023,4,Kasaragod,1594,15446,0,1.265
2023-05-01,2023,5,Thiruvananthapuram,1928,21581,0,1.19
2023-05-01,2023,5,Kollam,3231,36146,0,1.33
2023-05-01,2023,5,Alappuzha,2546,27899,0,1.286
2023-05-01,2023,5,Ernakulam,2693,36958,0,1.151
2023-05-01,2023,5,Thrissur,1084,13736,0,1.004
2023-05-01,2023,5,Malappuram,1740,20899,0,1.137
2023-05-01,2023,5,Kozhikode,2904,38426,0,1.291
2023-05-01,2023,5,Kannur,2288,30281,0,1.338
2023-05-01,2023,5,Kasaragod,1561,17555,0,1.239
2023-06-01,2023,6,Thiruvananthapuram,485,5626,1,0.299
2023-06-01,2023,6,Kollam,584,5667,1,0.24
2023-06-01,2023,6,Alappuzha,413,5934,1,0.209
2023-06-01,2023,6,Ernakulam,673,8776,1,0.288
2023-06-01,2023,6,Thrissur,227,2449,1,0.21
2023-06-01,2023,6,Malappuram,434,5871,1,0.284
2023-06-01,2023,6,Kozhikode,445,4794,1,0.198
2023-06-01,2023,6,Kannur,492,5278,1,0.288
2023-06-01,2023,6,Kasaragod,282,2917,1,0.224
2023-07-01,2023,7,Thiruvananthapuram,400,4564,1,0.247
2023-07-01,2023,7,Kollam,584,6811,1,0.24
2023-07-01,2023,7,Alappuzha,451,5619,1,0.228
2023-07-01,2023,7,Ernakulam,803,11340,1,0.343
2023-07-01,2023,7,Thrissur,337,3384,1,0.312
2023-07-01,2023,7,Malappuram,304,4124,1,0.199
2023-07-01,2023,7,Kozhikode,534,5488,1,0.237
2023-07-01,2023,7,Kannur,428,6010,1,0.25
2023-07-01,2023,7,Kasaragod,315,4092,1,0.25
2023-08-01,2023,8,Thiruvananthapuram,2275,30418,0,1.404
2023-08-01,2023,8,Kollam,3090,32941,0,1.272
2023-08-01,2023,8,Alappuzha,2580,35020,0,1.303
2023-08-01,2023,8,Ernakulam,2962,35383,0,1.266
2023-08-01,2023,8,Thrissur,1479,16194,0,1.369
2023-08-01,2023,8,Malappuram,1999,27699,0,1.307
2023-08-01,2023,8,Kozhikode,2915,32772,0,1.296
2023-08-01,2023,8,Kannur,2134,21168,0,1.248
2023-08-01,2023,8,Kasaragod,1527,16923,0,1.212
2023-09-01,2023,9,Thiruvananthapuram,1791,21431,0,1.106
2023-09-01,2023,9,Kollam,2469,32868,0,1.016
2023-09-01,2023,9,Alappuzha,3271,44699,0,1.652
2023-09-01,2023,9,Ernakulam,2888,29040,0,1.234
2023-09-01,2023,9,Thrissur,1454,17588,0,1.346
2023-09-01,2023,9,Malappuram,1703,20983,0,1.113
2023-09-01,2023,9,Kozhikode,2385,23534,0,1.06
2023-09-01,2023,9,Kannur,2219,21553,0,1.298
2023-09-01,2023,9,Kasaragod,1647,21602,0,1.307
2023-10-01,2023,10,Thiruvananthapuram,1743,17248,0,1.076
2023-10-01,2023,10,Kollam,2746,34221,0,1.13
2023-10-01,2023,10,Alappuzha,2582,33081,0,1.304
2023-10-01,2023,10,Ernakulam,2702,30785,0,1.155
2023-10-01,2023,10,Thrissur,1496,18859,0,1.385
2023-10-01,2023,10,Malappuram,1368,19649,0,0.894
2023-10-01,2023,10,Kozhikode,3017,38645,0,1.341
2023-10-01,2023,10,Kannur,2121,30136,0,1.24
2023-10-01,2023,10,Kasaragod,1412,18546,0,1.121
2023-11-01,2023,11,Thiruvananthapuram,1937,26830,0,1.196
2023-11-01,2023,11,Kollam,2913,40952,0,1.199
2023-11-01,2023,11,Alappuzha,2369,25997,0,1.196
2023-11-01,2023,11,Ernakulam,2816,38730,0,1.203
2023-11-01,2023,11,Thrissur,1628,21192,0,1.507
2023-11-01,2023,11,Malappuram,2099,23940,0,1.372
2023-11-01,2023,11,Kozhikode,2438,28876,0,1.084
2023-11-01,2023,11,Kannur,1930,26519,0,1.129
2023-11-01,2023,11,Kasaragod,1565,19333,0,1.242
2023-12-01,2023,12,Thiruvananthapuram,2473,35336,0,1.527
2023-12-01,2023,12,Kollam,2851,37623,0,1.173
2023-12-01,2023,12,Alappuzha,2592,27947,0,1.309
2023-12-01,2023,12,Ernakulam,2950,37357,0,1.261
2023-12-01,2023,12,Thrissur,1426,18043,0,1.32
2023-12-01,2023,12,Malappuram,1901,19673,0,1.242
2023-12-01,2023,12,Kozhikode,2959,31409,0,1.315
2023-12-01,2023,12,Kannur,2194,28883,0,1.283
2023-12-01,2023,12,Kasaragod,1628,18184,0,1.292
2024-01-01,2024,1,Thiruvananthapuram,2124,30535,0,1.311
2024-01-01,2024,1,Kollam,2793,36548,0,1.149
2024-01-01,2024,1,Alappuzha,2879,33375,0,1.454
2024-01-01,2024,1,Ernakulam,3081,31485,0,1.317
2024-01-01,2024,1,Thrissur,1345,19311,0,1.245
2024-01-01,2024,1,Malappuram,2023,26918,0,1.322
2024-01-01,2024,1,Kozhikode,3526,33669,0,1.567
2024-01-01,2024,1,Kannur,2277,26060,0,1.332
2024-01-01,2024,1,Kasaragod,1150,12349,0,0.913
2024-02-01,2024,2,Thiruvananthapuram,1768,21632,0,1.091
2024-02-01,2024,2,Kollam,3457,40331,0,1.423
2024-02-01,2024,2,Alappuzha,2992,39274,0,1.511
2024-02-01,2024,2,Ernakulam,2309,31011,0,0.987
2024-02-01,2024,2,Thrissur,1418,15290,0,1.313
2024-02-01,2024,2,Malappuram,1665,18048,0,1.088
2024-02-01,2024,2,Kozhikode,2744,28691,0,1.22
2024-02-01,2024,2,Kannur,2314,24539,0,1.353
2024-02-01,2024,2,Kasaragod,1399,19343,0,1.11
2024-03-01,2024,3,Thiruvananthapuram,1815,18718,0,1.12
2024-03-01,2024,3,Kollam,2672,38420,0,1.1
2024-03-01,2024,3,Alappuzha,2617,31858,0,1.322
2024-03-01,2024,3,Ernakulam,2844,29246,0,1.215
2024-03-01,2024,3,Thrissur,1258,15838,0,1.165
2024-03-01,2024,3,Malappuram,1440,16476,0,0.941
2024-03-01,2024,3,Kozhikode,2624,30885,0,1.166
2024-03-01,2024,3,Kannur,2041,20172,0,1.194
2024-03-01,2024,3,Kasaragod,1554,19966,0,1.233
2024-04-01,2024,4,Thiruvananthapuram,1450,20345,0,0.895
2024-04-01,2024,4,Kollam,2960,40803,0,1.218
2024-04-01,2024,4,Alappuzha,2066,21217,0,1.043
2024-04-01,2024,4,Ernakulam,3093,41507,0,1.322
2024-04-01,2024,4,Thrissur,1279,16833,0,1.184
2024-04-01,2024,4,Malappuram,1746,23417,0,1.141
2024-04-01,2024,4,Kozhikode,2751,31520,0,1.223
2024-04-01,2024,4,Kannur,1885,21896,0,1.102
2024-04-01,2024,4,Kasaragod,1457,17889,0,1.156
2024-05-01,2024,5,Thiruvananthapuram,2026,22767,0,1.251
2024-05-01,2024,5,Kollam,3262,38297,0,1.342
2024-05-01,2024,5,Alappuzha,2909,37561,0,1.469
2024-05-01,2024,5,Ernakulam,2547,36538,0,1.088
2024-05-01,2024,5,Thrissur,1342,13586,0,1.243
2024-05-01,2024,5,Malappuram,2173,31208,0,1.42
2024-05-01,2024,5,Kozhikode,2936,41109,0,1.305
2024-05-01,2024,5,Kannur,2655,33173,0,1.553
2024-05-01,2024,5,Kasaragod,1480,19007,0,1.175
2024-06-01,2024,6,Thiruvananthapuram,419,4322,1,0.259
2024-06-01,2024,6,Kollam,675,7376,1,0.278
2024-06-01,2024,6,Alappuzha,472,5974,1,0.238
2024-06-01,2024,6,Ernakulam,669,9605,1,0.286
2024-06-01,2024,6,Thrissur,216,2184,1,0.2
2024-06-01,2024,6,Malappuram,400,4235,1,0.261
2024-06-01,2024,6,Kozhikode,536,7008,1,0.238
2024-06-01,2024,6,Kannur,531,6124,1,0.311
2024-06-01,2024,6,Kasaragod,235,2709,1,0.187
2024-07-01,2024,7,Thiruvananthapuram,442,4981,1,0.273
2024-07-01,2024,7,Kollam,695,7940,1,0.286
2024-07-01,2024,7,Alappuzha,542,5437,1,0.274
2024-07-01,2024,7,Ernakulam,697,9346,1,0.298
2024-07-01,2024,7,Thrissur,253,3623,1,0.234
2024-07-01,2024,7,Malappuram,297,3673,1,0.194
2024-07-01,2024,7,Kozhikode,595,5880,1,0.264
2024-07-01,2024,7,Kannur,316,3236,1,0.185
2024-07-01,2024,7,Kasaragod,372,4393,1,0.295
2024-08-01,2024,8,Thiruvananthapuram,2227,30304,0,1.375
2024-08-01,2024,8,Kollam,2548,32661,0,1.049
2024-08-01,2024,8,Alappuzha,2221,24096,0,1.122
2024-08-01,2024,8,Ernakulam,2520,34140,0,1.077
2024-08-01,2024,8,Thrissur,1471,14423,0,1.362
2024-08-01,2024,8,Malappuram,1831,21180,0,1.197
2024-08-01,2024,8,Kozhikode,3088,35210,0,1.372
2024-08-01,2024,8,Kannur,1761,20008,0,1.03
2024-08-01,2024,8,Kasaragod,1581,15349,0,1.255
2024-09-01,2024,9,Thiruvananthapuram,2165,30005,0,1.336
2024-09-01,2024,9,Kollam,3575,41683,0,1.471
2024-09-01,2024,9,Alappuzha,2162,21111,0,1.092
2024-09-01,2024,9,Ernakulam,3157,32618,0,1.349
2024-09-01,2024,9,Thrissur,1227,17690,0,1.136
2024-09-01,2024,9,Malappuram,1623,18095,0,1.061
2024-09-01,2024,9,Kozhikode,2984,38354,0,1.326
2024-09-01,2024,9,Kannur,2307,24037,0,1.349
2024-09-01,2024,9,Kasaragod,1793,24489,0,1.423
2024-10-01,2024,10,Thiruvananthapuram,2219,22926,0,1.37
2024-10-01,2024,10,Kollam,2881,29849,0,1.186
2024-10-01,2024,10,Alappuzha,1962,21597,0,0.991
2024-10-01,2024,10,Ernakulam,3268,42239,0,1.397
2024-10-01,2024,10,Thrissur,1308,16035,0,1.211
2024-10-01,2024,10,Malappuram,1964,24904,0,1.284
2024-10-01,2024,10,Kozhikode,3301,36102,0,1.467
2024-10-01,2024,10,Kannur,1922,20728,0,1.124
2024-10-01,2024,10,Kasaragod,1329,19004,0,1.055
2024-11-01,2024,11,Thiruvananthapuram,2018,20630,0,1.246
2024-11-01,2024,11,Kollam,2550,34933,0,1.049
2024-11-01,2024,11,Alappuzha,2431,27693,0,1.228
2024-11-01,2024,11,Ernakulam,3300,37177,0,1.41
2024-11-01,2024,11,Thrissur,1404,18314,0,1.3
2024-11-01,2024,11,Malappuram,1523,17317,0,0.995
2024-11-01,2024,11,Kozhikode,2524,28130,0,1.122
2024-11-01,2024,11,Kannur,1938,24819,0,1.133
2024-11-01,2024,11,Kasaragod,1374,15613,0,1.09
2024-12-01,2024,12,Thiruvananthapuram,2347,27718,0,1.449
2024-12-01,2024,12,Kollam,2619,34483,0,1.078
2024-12-01,2024,12,Alappuzha,1799,21246,0,0.909
2024-12-01,2024,12,Ernakulam,3053,33787,0,1.305
2024-12-01,2024,12,Thrissur,1096,12225,0,1.015
2024-12-01,2024,12,Malappuram,1360,18737,0,0.889
2024-12-01,2024,12,Kozhikode,2848,32377,0,1.266
2024-12-01,2024,12,Kannur,2207,28605,0,1.291
2024-12-01,2024,12,Kasaragod,1654,17253,0,1.313
2025-01-01,2025,1,Thiruvananthapuram,2042,22718,0,1.26
2025-01-01,2025,1,Kollam,2805,35145,0,1.154
2025-01-01,2025,1,Alappuzha,2361,33946,0,1.192
2025-01-01,2025,1,Ernakulam,3133,37300,0,1.339
2025-01-01,2025,1,Thrissur,1327,13547,0,1.229
2025-01-01,2025,1,Malappuram,2174,31100,0,1.421
2025-01-01,2025,1,Kozhikode,3067,31842,0,1.363
2025-01-01,2025,1,Kannur,1600,20851,0,0.936
2025-01-01,2025,1,Kasaragod,1714,19093,0,1.36
2025-02-01,2025,2,Thiruvananthapuram,2204,31166,0,1.36
2025-02-01,2025,2,Kollam,3143,30653,0,1.293
2025-02-01,2025,2,Alappuzha,1981,25353,0,1.001
2025-02-01,2025,2,Ernakulam,3300,43710,0,1.41
2025-02-01,2025,2,Thrissur,1517,15871,0,1.405
2025-02-01,2025,2,Malappuram,1912,24778,0,1.25
2025-02-01,2025,2,Kozhikode,3115,44539,0,1.384
2025-02-01,2025,2,Kannur,2309,29755,0,1.35
2025-02-01,2025,2,Kasaragod,1720,24132,0,1.365
2025-03-01,2025,3,Thiruvananthapuram,2108,20643,0,1.301
2025-03-01,2025,3,Kollam,2628,26149,0,1.081
2025-03-01,2025,3,Alappuzha,2321,27828,0,1.172
2025-03-01,2025,3,Ernakulam,2745,32817,0,1.173
2025-03-01,2025,3,Thrissur,1685,24431,0,1.56
2025-03-01,2025,3,Malappuram,1905,18745,0,1.245
2025-03-01,2025,3,Kozhikode,2985,35813,0,1.327
2025-03-01,2025,3,Kannur,1889,26844,0,1.105
2025-03-01,2025,3,Kasaragod,1616,18820,0,1.283
2025-04-01,2025,4,Thiruvananthapuram,1731,22539,0,1.069
2025-04-01,2025,4,Kollam,3387,46746,0,1.394
2025-04-01,2025,4,Alappuzha,2024,27353,0,1.022
2025-04-01,2025,4,Ernakulam,2636,25201,0,1.126
2025-04-01,2025,4,Thrissur,1414,17804,0,1.309
2025-04-01,2025,4,Malappuram,1658,17245,0,1.084
2025-04-01,2025,4,Kozhikode,2610,24852,0,1.16
2025-04-01,2025,4,Kannur,1862,19241,0,1.089
2025-04-01,2025,4,Kasaragod,1746,23277,0,1.386
2025-05-01,2025,5,Thiruvananthapuram,1598,18853,0,0.986
2025-05-01,2025,5,Kollam,2531,29915,0,1.042
2025-05-01,2025,5,Alappuzha,2608,29707,0,1.317
2025-05-01,2025,5,Ernakulam,2913,30429,0,1.245
2025-05-01,2025,5,Thrissur,1267,16105,0,1.173
2025-05-01,2025,5,Malappuram,2045,28650,0,1.337
2025-05-01,2025,5,Kozhikode,2582,36190,0,1.148
2025-05-01,2025,5,Kannur,2166,23515,0,1.267
2025-05-01,2025,5,Kasaragod,1314,15816,0,1.043
2025-06-01,2025,6,Thiruvananthapuram,430,5121,1,0.265
2025-06-01,2025,6,Kollam,575,5884,1,0.237
2025-06-01,2025,6,Alappuzha,599,8659,1,0.303
2025-06-01,2025,6,Ernakulam,716,9355,1,0.306
2025-06-01,2025,6,Thrissur,226,2803,1,0.209
2025-06-01,2025,6,Malappuram,393,5354,1,0.257
2025-06-01,2025,6,Kozhikode,595,5730,1,0.264
2025-06-01,2025,6,Kannur,396,5436,1,0.232
2025-06-01,2025,6,Kasaragod,349,5055,1,0.277
2025-07-01,2025,7,Thiruvananthapuram,470,6127,1,0.29
2025-07-01,2025,7,Kollam,618,8598,1,0.254
2025-07-01,2025,7,Alappuzha,539,6064,1,0.272
2025-07-01,2025,7,Ernakulam,549,6016,1,0.235
2025-07-01,2025,7,Thrissur,288,3002,1,0.267
2025-07-01,2025,7,Malappuram,381,4463,1,0.249
2025-07-01,2025,7,Kozhikode,610,7362,1,0.271
2025-07-01,2025,7,Kannur,433,4689,1,0.253
2025-07-01,2025,7,Kasaragod,363,4748,1,0.288
2025-08-01,2025,8,Thiruvananthapuram,1785,25852,0,1.102
2025-08-01,2025,8,Kollam,3581,36983,0,1.474
2025-08-01,2025,8,Alappuzha,2652,34242,0,1.339
2025-08-01,2025,8,Ernakulam,2356,33280,0,1.007
2025-08-01,2025,8,Thrissur,1464,15511,0,1.356
2025-08-01,2025,8,Malappuram,1838,26022,0,1.201
2025-08-01,2025,8,Kozhikode,2433,33964,0,1.081
2025-08-01,2025,8,Kannur,1934,23810,0,1.131
2025-08-01,2025,8,Kasaragod,1545,20358,0,1.226
2025-09-01,2025,9,Thiruvananthapuram,1969,26047,0,1.215
2025-09-01,2025,9,Kollam,3040,41183,0,1.251
2025-09-01,2025,9,Alappuzha,2424,27960,0,1.224
2025-09-01,2025,9,Ernakulam,3176,37849,0,1.357
2025-09-01,2025,9,Thrissur,1611,18919,0,1.492
2025-09-01,2025,9,Malappuram,1857,25553,0,1.214
2025-09-01,2025,9,Kozhikode,2600,32713,0,1.156
2025-09-01,2025,9,Kannur,1932,20321,0,1.13
2025-09-01,2025,9,Kasaragod,1530,17531,0,1.214
2025-10-01,2025,10,Thiruvananthapuram,2066,20175,0,1.275
2025-10-01,2025,10,Kollam,3619,47249,0,1.489
2025-10-01,2025,10,Alappuzha,2503,32653,0,1.264
2025-10-01,2025,10,Ernakulam,2422,31664,0,1.035
2025-10-01,2025,10,Thrissur,1273,17993,0,1.179
2025-10-01,2025,10,Malappuram,2325,27046,0,1.52
2025-10-01,2025,10,Kozhikode,2984,31376,0,1.326
2025-10-01,2025,10,Kannur,2044,21421,0,1.195
2025-10-01,2025,10,Kasaragod,1785,20496,0,1.417
2025-11-01,2025,11,Thiruvananthapuram,1433,14756,0,0.885
2025-11-01,2025,11,Kollam,3047,41074,0,1.254
2025-11-01,2025,11,Alappuzha,2287,25793,0,1.155
2025-11-01,2025,11,Ernakulam,3150,32647,0,1.346
2025-11-01,2025,11,Thrissur,1437,20243,0,1.331
2025-11-01,2025,11,Malappuram,2185,21876,0,1.428
2025-11-01,2025,11,Kozhikode,2793,39839,0,1.241
2025-11-01,2025,11,Kannur,1859,25209,0,1.087
2025-11-01,2025,11,Kasaragod,1042,12618,0,0.827
2025-12-01,2025,12,Thiruvananthapuram,1659,21531,0,1.024
2025-12-01,2025,12,Kollam,2942,40448,0,1.211
2025-12-01,2025,12,Alappuzha,2586,34385,0,1.306
2025-12-01,2025,12,Ernakulam,3284,39113,0,1.403
2025-12-01,2025,12,Thrissur,1387,19918,0,1.284
2025-12-01,2025,12,Malappuram,1805,24236,0,1.18
2025-12-01,2025,12,Kozhikode,2671,25978,0,1.187
2025-12-01,2025,12,Kannur,1663,21985,0,0.973
2025-12-01,2025,12,Kasaragod,1857,23162,0,1.474
