region,year,month,sea_surface_temperature_c,wave_height_m
South,2012,1,28.14,1.0
South,2012,2,28.86,1.0
South,2012,3,29.49,1.0
South,2012,4,29.85,1.05
South,2012,5,29.77,1.36
South,2012,6,28.91,2.21
South,2012,7,27.27,2.8
South,2012,8,26.55,2.21
South,2012,9,26.93,1.36
South,2012,10,27.07,1.05
South,2012,11,27.14,1.0
South,2012,12,27.51,1.0
South,2013,1,28.14,1.0
South,2013,2,28.86,1.0
South,2013,3,29.49,1.0
South,2013,4,29.85,1.05
South,2013,5,29.77,1.36
South,2013,6,28.91,2.21
South,2013,7,27.27,2.8
South,2013,8,26.55,2.21
South,2013,9,26.93,1.36
South,2013,10,27.07,1.05
South,2013,11,27.14,1.0
South,2013,12,27.51,1.0
South,2014,1,28.14,1.0
South,2014,2,28.86,1.0
South,2014,3,29.49,1.0
South,2014,4,29.85,1.05
South,2014,5,29.77,1.36
South,2014,6,28.91,2.21
South,2014,7,27.27,2.8
South,2014,8,26.55,2.21
South,2014,9,26.93,1.36
South,2014,10,27.07,1.05
South,2014,11,27.14,1.0
South,2014,12,27.51,1.0
South,2015,1,28.14,1.0
South,2015,2,28.86,1.0
South,2015,3,29.49,1.0
South,2015,4,29.85,1.05
South,2015,5,29.77,1.36
South,2015,6,28.91,2.21
South,2015,7,27.27,2.8
South,2015,8,26.55,2.21
South,2015,9,26.93,1.36
South,2015,10,27.07,1.05
South,2015,11,27.14,1.0
South,2015,12,27.51,1.0
South,2016,1,28.14,1.0
South,2016,2,28.86,1.0
South,2016,3,29.49,1.0
South,2016,4,29.85,1.05
South,2016,5,29.77,1.36
South,2016,6,28.91,2.21
South,2016,7,27.27,2.8
South,2016,8,26.55,2.21
South,2016,9,26.93,1.36
South,2016,10,27.07,1.05
South,2016,11,27.14,1.0
South,2016,12,27.51,1.0
South,2017,1,28.14,1.0
South,2017,2,28.86,1.0
South,2017,3,29.49,1.0
South,2017,4,29.85,1.05
South,2017,5,29.77,1.36
South,2017,6,28.91,2.21
South,2017,7,27.27,2.8
South,2017,8,26.55,2.21
South,2017,9,26.93,1.36
South,2017,10,27.07,1.05
South,2017,11,27.14,1.0
South,2017,12,27.51,1.0
South,2018,1,28.14,1.0
South,2018,2,28.86,1.0
South,2018,3,29.49,1.0
South,2018,4,29.85,1.05
South,2018,5,29.77,1.36
South,2018,6,28.91,2.21
South,2018,7,27.27,2.8
South,2018,8,26.55,2.21
South,2018,9,26.93,1.36
South,2018,10,27.07,1.05
South,2018,11,27.14,1.0
South,2018,12,27.51,1.0
South,2019,1,28.14,1.0
South,2019,2,28.86,1.0
South,2019,3,29.49,1.0
South,2019,4,29.85,1.05
South,2019,5,29.77,1.36
South,2019,6,28.91,2.21
South,2019,7,27.27,2.8
South,2019,8,26.55,2.21
South,2019,9,26.93,1.36
South,2019,10,27.07,1.05
South,2019,11,27.14,1.0
South,2019,12,27.51,1.0
South,2020,1,28.14,1.0
South,2020,2,28.86,1.0
South,2020,3,29.49,1.0
South,2020,4,29.85,1.05
South,2020,5,29.77,1.36
South,2020,6,28.91,2.21
South,2020,7,27.27,2.8
South,2020,8,26.55,2.21
South,2020,9,26.93,1.36
South,2020,10,27.07,1.05
South,2020,11,27.14,1.0
South,2020,12,27.51,1.0
South,2021,1,28.14,1.0
South,2021,2,28.86,1.0
South,2021,3,29.49,1.0
South,2021,4,29.85,1.05
South,2021,5,29.77,1.36
South,2021,6,28.91,2.21
South,2021,7,27.27,2.8
South,2021,8,26.55,2.21
South,2021,9,26.93,1.36
South,2021,10,27.07,1.48
South,2021,11,27.14,1.2
South,2021,12,27.51,0.86
South,2022,1,28.14,0.84
South,2022,2,28.86,0.83
South,2022,3,29.49,0.92
South,2022,4,29.85,1.06
South,2022,5,29.77,1.77
South,2022,6,28.91,1.99
South,2022,7,27.27,2.43
South,2022,8,26.55,2.23
South,2022,9,26.93,1.71
South,2022,10,27.07,1.36
South,2022,11,28.6,0.93
South,2022,12,28.75,0.99
South,2023,1,28.23,0.85
South,2023,2,28.26,0.87
South,2023,3,29.25,0.89
South,2023,4,30.24,1.1
South,2023,5,30.6,1.14
South,2023,6,29.07,1.96
South,2023,7,26.43,2.35
South,2023,8,27.24,1.75
South,2023,9,28.11,1.67
South,2023,10,29.37,1.24
South,2023,11,29.91,0.98
South,2023,12,29.61,0.91
South,2024,1,29.38,0.8
South,2024,2,29.48,0.85
South,2024,3,30.21,0.97
South,2024,4,31.45,1.07
South,2024,5,30.65,1.59
South,2024,6,28.27,2.13
South,2024,7,27.32,2.33
South,2024,8,26.26,1.95
South,2024,9,27.4,1.7
South,2024,10,29.29,1.4
South,2024,11,29.64,0.93
South,2024,12,29.31,1.03
South,2025,1,28.14,1.0
South,2025,2,28.86,1.0
South,2025,3,29.49,1.0
South,2025,4,29.85,1.05
South,2025,5,29.77,1.36
South,2025,6,28.91,2.21
South,2025,7,27.27,2.8
South,2025,8,26.55,2.21
South,2025,9,26.93,1.36
South,2025,10,27.07,1.05
South,2025,11,27.14,1.0
South,2025,12,27.51,1.0
Central,2012,1,28.14,1.0
Central,2012,2,28.86,1.0
Central,2012,3,29.49,1.0
Central,2012,4,29.85,1.05
Central,2012,5,29.77,1.36
Central,2012,6,28.91,2.21
Central,2012,7,27.27,2.8
Central,2012,8,26.55,2.21
Central,2012,9,26.93,1.36
Central,2012,10,27.07,1.05
Central,2012,11,27.14,1.0
Central,2012,12,27.51,1.0
Central,2013,1,28.14,1.0
Central,2013,2,28.86,1.0
Central,2013,3,29.49,1.0
Central,2013,4,29.85,1.05
Central,2013,5,29.77,1.36
Central,2013,6,28.91,2.21
Central,2013,7,27.27,2.8
Central,2013,8,26.55,2.21
Central,2013,9,26.93,1.36
Central,2013,10,27.07,1.05
Central,2013,11,27.14,1.0
Central,2013,12,27.51,1.0
Central,2014,1,28.14,1.0
Central,2014,2,28.86,1.0
Central,2014,3,29.49,1.0
Central,2014,4,29.85,1.05
Central,2014,5,29.77,1.36
Central,2014,6,28.91,2.21
Central,2014,7,27.27,2.8
Central,2014,8,26.55,2.21
Central,2014,9,26.93,1.36
Central,2014,10,27.07,1.05
Central,2014,11,27.14,1.0
Central,2014,12,27.51,1.0
Central,2015,1,28.14,1.0
Central,2015,2,28.86,1.0
Central,2015,3,29.49,1.0
Central,2015,4,29.85,1.05
Central,2015,5,29.77,1.36
Central,2015,6,28.91,2.21
Central,2015,7,27.27,2.8
Central,2015,8,26.55,2.21
Central,2015,9,26.93,1.36
Central,2015,10,27.07,1.05
Central,2015,11,27.14,1.0
Central,2015,12,27.51,1.0
Central,2016,1,28.14,1.0
Central,2016,2,28.86,1.0
Central,2016,3,29.49,1.0
Central,2016,4,29.85,1.05
Central,2016,5,29.77,1.36
Central,2016,6,28.91,2.21
Central,2016,7,27.27,2.8
Central,2016,8,26.55,2.21
Central,2016,9,26.93,1.36
Central,2016,10,27.07,1.05
Central,2016,11,27.14,1.0
Central,2016,12,27.51,1.0
Central,2017,1,28.14,1.0
Central,2017,2,28.86,1.0
Central,2017,3,29.49,1.0
Central,2017,4,29.85,1.05
Central,2017,5,29.77,1.36
Central,2017,6,28.91,2.21
Central,2017,7,27.27,2.8
Central,2017,8,26.55,2.21
Central,2017,9,26.93,1.36
Central,2017,10,27.07,1.05
Central,2017,11,27.14,1.0
Central,2017,12,27.51,1.0
Central,2018,1,28.14,1.0
Central,2018,2,28.86,1.0
Central,2018,3,29.49,1.0
Central,2018,4,29.85,1.05
Central,2018,5,29.77,1.36
Central,2018,6,28.91,2.21
Central,2018,7,27.27,2.8
Central,2018,8,26.55,2.21
Central,2018,9,26.93,1.36
Central,2018,10,27.07,1.05
Central,2018,11,27.14,1.0
Central,2018,12,27.51,1.0
Central,2019,1,28.14,1.0
Central,2019,2,28.86,1.0
Central,2019,3,29.49,1.0
Central,2019,4,29.85,1.05
Central,2019,5,29.77,1.36
Central,2019,6,28.91,2.21
Central,2019,7,27.27,2.8
Central,2019,8,26.55,2.21
Central,2019,9,26.93,1.36
Central,2019,10,27.07,1.05
Central,2019,11,27.14,1.0
Central,2019,12,27.51,1.0
Central,2020,1,28.14,1.0
Central,2020,2,28.86,1.0
Central,2020,3,29.49,1.0
Central,2020,4,29.85,1.05
Central,2020,5,29.77,1.36
Central,2020,6,28.91,2.21
Central,2020,7,27.27,2.8
Central,2020,8,26.55,2.21
Central,2020,9,26.93,1.36
Central,2020,10,27.07,1.05
Central,2020,11,27.14,1.0
Central,2020,12,27.51,1.0
Central,2021,1,28.14,1.0
Central,2021,2,28.86,1.0
Central,2021,3,29.49,1.0
Central,2021,4,29.85,1.05
Central,2021,5,29.77,1.36
Central,2021,6,28.91,2.21
Central,2021,7,27.27,2.8
Central,2021,8,26.55,2.21
Central,2021,9,26.93,1.36
Central,2021,10,27.07,1.3
Central,2021,11,27.14,1.04
Central,2021,12,27.51,0.78
Central,2022,1,28.14,0.77
Central,2022,2,28.86,0.77
Central,2022,3,29.49,0.78
Central,2022,4,29.85,0.91
Central,2022,5,29.77,1.51
Central,2022,6,28.91,1.82
Central,2022,7,27.27,2.27
Central,2022,8,26.55,2.08
Central,2022,9,26.93,1.53
Central,2022,10,27.07,1.16
Central,2022,11,28.69,0.79
Central,2022,12,28.82,0.87
Central,2023,1,28.38,0.78
Central,2023,2,28.71,0.75
Central,2023,3,29.62,0.76
Central,2023,4,30.27,0.92
Central,2023,5,30.67,0.96
Central,2023,6,29.68,1.8
Central,2023,7,27.34,2.23
Central,2023,8,27.36,1.52
Central,2023,9,28.4,1.49
Central,2023,10,29.72,1.05
Central,2023,11,30.02,0.81
Central,2023,12,30.06,0.75
Central,2024,1,29.48,0.72
Central,2024,2,29.63,0.74
Central,2024,3,30.3,0.88
Central,2024,4,31.41,0.96
Central,2024,5,31.14,1.37
Central,2024,6,28.94,1.96
Central,2024,7,28.04,2.25
Central,2024,8,27.02,1.82
Central,2024,9,27.93,1.52
Central,2024,10,29.18,1.25
Central,2024,11,30.0,0.78
Central,2024,12,29.36,0.94
Central,2025,1,28.14,1.0
Central,2025,2,28.86,1.0
Central,2025,3,29.49,1.0
Central,2025,4,29.85,1.05
Central,2025,5,29.77,1.36
Central,2025,6,28.91,2.21
Central,2025,7,27.27,2.8
Central,2025,8,26.55,2.21
Central,2025,9,26.93,1.36
Central,2025,10,27.07,1.05
Central,2025,11,27.14,1.0
Central,2025,12,27.51,1.0
North,2012,1,28.14,1.0
North,2012,2,28.86,1.0
North,2012,3,29.49,1.0
North,2012,4,29.85,1.05
North,2012,5,29.77,1.36
North,2012,6,28.91,2.21
North,2012,7,27.27,2.8
North,2012,8,26.55,2.21
North,2012,9,26.93,1.36
North,2012,10,27.07,1.05
North,2012,11,27.14,1.0
North,2012,12,27.51,1.0
North,2013,1,28.14,1.0
North,2013,2,28.86,1.0
North,2013,3,29.49,1.0
North,2013,4,29.85,1.05
North,2013,5,29.77,1.36
North,2013,6,28.91,2.21
North,2013,7,27.27,2.8
North,2013,8,26.55,2.21
North,2013,9,26.93,1.36
North,2013,10,27.07,1.05
North,2013,11,27.14,1.0
North,2013,12,27.51,1.0
North,2014,1,28.14,1.0
North,2014,2,28.86,1.0
North,2014,3,29.49,1.0
North,2014,4,29.85,1.05
North,2014,5,29.77,1.36
North,2014,6,28.91,2.21
North,2014,7,27.27,2.8
North,2014,8,26.55,2.21
North,2014,9,26.93,1.36
North,2014,10,27.07,1.05
North,2014,11,27.14,1.0
North,2014,12,27.51,1.0
North,2015,1,28.14,1.0
North,2015,2,28.86,1.0
North,2015,3,29.49,1.0
North,2015,4,29.85,1.05
North,2015,5,29.77,1.36
North,2015,6,28.91,2.21
North,2015,7,27.27,2.8
North,2015,8,26.55,2.21
North,2015,9,26.93,1.36
North,2015,10,27.07,1.05
North,2015,11,27.14,1.0
North,2015,12,27.51,1.0
North,2016,1,28.14,1.0
North,2016,2,28.86,1.0
North,2016,3,29.49,1.0
North,2016,4,29.85,1.05
North,2016,5,29.77,1.36
North,2016,6,28.91,2.21
North,2016,7,27.27,2.8
North,2016,8,26.55,2.21
North,2016,9,26.93,1.36
North,2016,10,27.07,1.05
North,2016,11,27.14,1.0
North,2016,12,27.51,1.0
North,2017,1,28.14,1.0
North,2017,2,28.86,1.0
North,2017,3,29.49,1.0
North,2017,4,29.85,1.05
North,2017,5,29.77,1.36
North,2017,6,28.91,2.21
North,2017,7,27.27,2.8
North,2017,8,26.55,2.21
North,2017,9,26.93,1.36
North,2017,10,27.07,1.05
North,2017,11,27.14,1.0
North,2017,12,27.51,1.0
North,2018,1,28.14,1.0
North,2018,2,28.86,1.0
North,2018,3,29.49,1.0
North,2018,4,29.85,1.05
North,2018,5,29.77,1.36
North,2018,6,28.91,2.21
North,2018,7,27.27,2.8
North,2018,8,26.55,2.21
North,2018,9,26.93,1.36
North,2018,10,27.07,1.05
North,2018,11,27.14,1.0
North,2018,12,27.51,1.0
North,2019,1,28.14,1.0
North,2019,2,28.86,1.0
North,2019,3,29.49,1.0
North,2019,4,29.85,1.05
North,2019,5,29.77,1.36
North,2019,6,28.91,2.21
North,2019,7,27.27,2.8
North,2019,8,26.55,2.21
North,2019,9,26.93,1.36
North,2019,10,27.07,1.05
North,2019,11,27.14,1.0
North,2019,12,27.51,1.0
North,2020,1,28.14,1.0
North,2020,2,28.86,1.0
North,2020,3,29.49,1.0
North,2020,4,29.85,1.05
North,2020,5,29.77,1.36
North,2020,6,28.91,2.21
North,2020,7,27.27,2.8
North,2020,8,26.55,2.21
North,2020,9,26.93,1.36
North,2020,10,27.07,1.05
North,2020,11,27.14,1.0
North,2020,12,27.51,1.0
North,2021,1,28.14,1.0
North,2021,2,28.86,1.0
North,2021,3,29.49,1.0
North,2021,4,29.85,1.05
North,2021,5,29.77,1.36
North,2021,6,28.91,2.21
North,2021,7,27.27,2.8
North,2021,8,26.55,2.21
North,2021,9,26.93,1.36
North,2021,10,27.07,1.0
North,2021,11,27.14,0.83
North,2021,12,27.51,0.63
North,2022,1,28.14,0.65
North,2022,2,28.86,0.66
North,2022,3,29.49,0.63
North,2022,4,29.85,0.75
North,2022,5,29.77,1.17
North,2022,6,28.91,1.61
North,2022,7,27.27,2.1
North,2022,8,26.55,1.83
North,2022,9,26.93,1.24
North,2022,10,27.07,0.9
North,2022,11,28.73,0.62
North,2022,12,28.85,0.69
North,2023,1,28.49,0.63
North,2023,2,28.74,0.62
North,2023,3,29.45,0.67
North,2023,4,30.12,0.75
North,2023,5,30.65,0.8
North,2023,6,30.25,1.64
North,2023,7,27.87,2.04
North,2023,8,27.52,1.28
North,2023,9,28.48,1.23
North,2023,10,29.84,0.83
North,2023,11,29.88,0.65
North,2023,12,30.23,0.61
North,2024,1,29.58,0.62
North,2024,2,29.75,0.62
North,2024,3,30.1,0.74
North,2024,4,31.29,0.79
North,2024,5,31.32,1.1
North,2024,6,29.3,1.69
North,2024,7,28.05,2.08
North,2024,8,27.47,1.61
North,2024,9,27.98,1.28
North,2024,10,29.37,1.0
North,2024,11,29.98,0.62
North,2024,12,29.4,0.75
North,2025,1,28.14,1.0
North,2025,2,28.86,1.0
North,2025,3,29.49,1.0
North,2025,4,29.85,1.05
North,2025,5,29.77,1.36
North,2025,6,28.91,2.21
North,2025,7,27.27,2.8
North,2025,8,26.55,2.21
North,2025,9,26.93,1.36
North,2025,10,27.07,1.05
North,2025,11,27.14,1.0
North,2025,12,27.51,1.0
