region,year,month,air_temperature_c,rainfall_mm_day,wind_speed_ms,surface_pressure_kpa
South,2012,1,26.16,0.17,3.31,100.1
South,2012,2,27.77,0.29,3.5,99.94
South,2012,3,28.86,1.04,3.16,99.97
South,2012,4,28.5,4.91,3.5,99.89
South,2012,5,27.83,2.51,5.2,99.85
South,2012,6,27.06,3.45,5.89,99.89
South,2012,7,26.69,4.46,6.12,99.8
South,2012,8,26.32,5.23,5.26,99.96
South,2012,9,26.59,2.59,4.92,100.01
South,2012,10,26.77,6.86,3.37,99.97
South,2012,11,26.58,4.37,2.84,100.01
South,2012,12,26.63,1.8,4.25,99.96
South,2013,1,27.38,0.15,3.16,100.15
South,2013,2,28.13,1.66,3.28,100.08
South,2013,3,29.17,2.58,2.79,100.02
South,2013,4,29.19,2.01,3.87,99.87
South,2013,5,28.24,3.56,5.46,99.81
South,2013,6,26.32,14.71,6.19,99.83
South,2013,7,25.44,7.43,5.36,99.89
South,2013,8,25.42,4.3,5.24,99.9
South,2013,9,25.82,5.42,5.2,99.94
South,2013,10,26.12,6.36,4.26,100.01
South,2013,11,26.52,8.71,2.28,100.0
South,2013,12,25.77,1.25,3.61,100.05
South,2014,1,26.52,1.19,3.73,100.19
South,2014,2,27.9,0.52,2.88,100.03
South,2014,3,29.09,0.94,3.01,100.04
South,2014,4,28.85,3.99,3.21,99.98
South,2014,5,28.18,7.19,4.35,99.84
South,2014,6,27.29,4.34,6.05,99.81
South,2014,7,26.33,4.68,5.88,99.95
South,2014,8,25.84,14.11,5.38,99.97
South,2014,9,26.23,5.74,4.7,99.99
South,2014,10,26.35,12.05,2.95,100.04
South,2014,11,26.06,4.29,3.27,100.03
South,2014,12,25.64,2.95,3.94,100.08
South,2015,1,25.7,0.08,3.58,100.24
South,2015,2,27.53,0.04,3.57,100.15
South,2015,3,29.11,1.27,2.66,100.13
South,2015,4,28.59,8.25,2.46,100.0
South,2015,5,27.9,9.85,3.9,99.92
South,2015,6,27.07,10.16,4.84,99.9
South,2015,7,26.21,2.17,5.11,99.99
South,2015,8,26.35,1.99,4.76,100.0
South,2015,9,26.46,7.5,4.12,100.0
South,2015,10,26.8,11.36,2.74,100.11
South,2015,11,26.41,10.49,2.97,100.02
South,2015,12,26.01,5.54,3.63,100.17
South,2016,1,25.59,0.02,3.59,100.24
South,2016,2,27.53,1.17,2.91,100.19
South,2016,3,29.62,0.95,2.46,100.11
South,2016,4,29.91,1.95,3.14,99.93
South,2016,5,28.62,9.28,4.38,99.87
South,2016,6,26.87,10.01,5.78,99.91
South,2016,7,25.86,4.11,5.31,99.92
South,2016,8,26.05,1.8,5.8,99.93
South,2016,9,26.09,0.59,5.73,99.98
South,2016,10,26.82,2.61,4.36,100.0
South,2016,11,27.08,4.57,2.33,100.06
South,2016,12,27.3,0.76,3.24,100.09
South,2017,1,27.34,0.44,3.44,100.15
South,2017,2,27.99,0.02,3.7,100.18
South,2017,3,28.62,2.97,2.69,100.01
South,2017,4,28.97,1.78,4.24,99.94
South,2017,5,28.54,5.75,4.62,99.89
South,2017,6,26.94,8.84,5.45,99.91
South,2017,7,26.41,2.19,5.35,99.94
South,2017,8,26.03,4.12,4.92,99.84
South,2017,9,26.17,8.93,4.64,99.92
South,2017,10,26.57,6.07,3.76,99.92
South,2017,11,26.37,11.52,2.86,99.9
South,2017,12,25.75,3.02,3.65,100.11
South,2018,1,26.06,0.14,3.02,100.05
South,2018,2,27.9,0.41,3.58,100.08
South,2018,3,29.01,1.29,3.13,99.95
South,2018,4,29.18,2.9,2.61,99.85
South,2018,5,27.99,6.22,4.49,99.79
South,2018,6,26.65,9.63,5.57,99.88
South,2018,7,25.66,8.63,5.54,99.91
South,2018,8,25.23,10.98,5.8,99.96
South,2018,9,25.81,2.86,4.3,99.97
South,2018,10,26.56,9.36,2.57,100.03
South,2018,11,26.48,5.58,2.84,100.08
South,2018,12,26.6,0.75,2.94,100.13
South,2019,1,26.55,0.0,3.21,100.25
South,2019,2,28.77,0.19,3.3,100.16
South,2019,3,29.88,0.63,2.67,100.06
South,2019,4,29.94,2.87,3.0,99.91
South,2019,5,28.98,2.81,4.62,99.87
South,2019,6,27.74,7.15,5.2,99.84
South,2019,7,26.48,4.71,5.11,99.89
South,2019,8,26.27,10.82,5.32,100.01
South,2019,9,26.51,8.99,4.05,100.03
South,2019,10,26.45,12.14,2.93,100.03
South,2019,11,27.11,6.12,2.85,100.0
South,2019,12,26.3,1.76,4.09,100.07
South,2020,1,26.6,1.3,3.23,100.14
South,2020,2,28.42,0.37,3.21,100.14
South,2020,3,29.82,0.84,2.61,100.03
South,2020,4,30.11,3.04,2.65,99.97
South,2020,5,28.54,10.34,4.09,99.81
South,2020,6,27.03,7.83,5.18,99.82
South,2020,7,26.01,5.93,4.74,99.79
South,2020,8,26.11,5.44,5.0,99.85
South,2020,9,26.2,15.37,4.88,99.88
South,2020,10,26.13,4.75,4.37,99.87
South,2020,11,26.87,6.35,3.12,99.99
South,2020,12,26.03,1.81,4.05,100.0
South,2021,1,25.84,7.46,3.71,99.98
South,2021,2,26.74,0.17,3.46,100.07
South,2021,3,28.46,2.14,2.84,99.98
South,2021,4,28.66,3.88,3.02,99.93
South,2021,5,27.77,20.24,4.13,99.82
South,2021,6,26.94,3.78,5.13,99.89
South,2021,7,26.29,6.75,5.74,99.85
South,2021,8,25.99,5.17,5.17,99.93
South,2021,9,26.37,7.08,5.09,99.87
South,2021,10,26.43,14.25,3.83,99.89
South,2021,11,26.05,15.09,3.64,99.87
South,2021,12,25.76,2.16,3.48,100.14
South,2022,1,26.07,6.07,3.5,100.08
South,2022,2,27.4,1.08,3.02,99.99
South,2022,3,28.87,1.48,2.84,99.88
South,2022,4,28.53,6.84,2.35,99.86
South,2022,5,27.43,7.78,5.03,99.75
South,2022,6,26.55,4.6,4.83,99.79
South,2022,7,25.78,5.01,5.44,99.81
South,2022,8,25.57,7.29,5.31,99.79
South,2022,9,25.93,2.39,4.69,99.91
South,2022,10,26.26,6.52,3.48,99.98
South,2022,11,26.24,5.45,2.36,100.03
South,2022,12,26.48,3.06,3.28,99.97
South,2023,1,26.37,0.82,3.38,100.14
South,2023,2,27.67,0.38,2.75,100.08
South,2023,3,29.17,0.86,3.4,100.01
South,2023,4,29.66,2.53,2.79,99.87
South,2023,5,28.69,4.91,3.81,99.93
South,2023,6,27.89,3.89,5.15,99.88
South,2023,7,26.54,5.19,5.07,99.97
South,2023,8,27.13,1.25,4.7,100.0
South,2023,9,26.88,10.8,4.58,100.0
South,2023,10,26.99,14.38,2.74,100.15
South,2023,11,27.12,8.24,2.68,100.07
South,2023,12,26.61,6.95,4.48,100.05
South,2024,1,26.21,0.81,4.04,100.2
South,2024,2,28.13,0.13,4.08,100.2
South,2024,3,30.17,1.01,2.56,100.1
South,2024,4,30.65,2.01,2.87,99.82
South,2024,5,28.9,14.33,4.52,99.72
South,2024,6,27.25,8.63,4.83,99.88
South,2024,7,26.55,6.59,5.06,99.87
South,2024,8,26.19,6.17,4.6,99.91
South,2024,9,26.86,4.12,5.0,99.91
South,2024,10,26.83,9.03,3.29,99.97
South,2024,11,26.97,5.71,2.57,99.94
South,2024,12,26.84,2.4,3.16,99.99
South,2025,1,26.48,0.92,4.12,100.02
South,2025,2,28.16,0.19,2.97,100.09
South,2025,3,29.2,3.56,2.58,99.98
South,2025,4,28.63,6.04,3.13,99.9
South,2025,5,28.78,10.51,5.28,99.77
South,2025,6,27.3,9.46,5.34,99.88
South,2025,7,26.55,6.05,6.01,99.87
South,2025,8,25.98,3.79,5.08,99.9
South,2025,9,26.66,5.66,4.95,99.91
South,2025,10,27.12,9.54,3.68,99.89
South,2025,11,26.58,7.49,3.28,100.08
South,2025,12,25.33,0.18,3.49,100.1
Central,2012,1,26.93,0.05,2.08,100.55
Central,2012,2,28.59,0.72,2.15,100.4
Central,2012,3,29.05,1.26,3.08,100.44
Central,2012,4,28.43,8.81,2.98,100.34
Central,2012,5,27.56,4.26,3.77,100.29
Central,2012,6,26.61,10.26,4.05,100.33
Central,2012,7,26.26,7.22,4.29,100.25
Central,2012,8,25.96,10.95,3.96,100.4
Central,2012,9,26.33,5.87,3.5,100.45
Central,2012,10,26.88,6.83,2.5,100.41
Central,2012,11,26.86,4.43,2.11,100.45
Central,2012,12,27.67,0.4,2.12,100.42
Central,2013,1,28.31,0.1,2.33,100.61
Central,2013,2,28.5,2.62,2.51,100.54
Central,2013,3,29.43,1.51,2.44,100.47
Central,2013,4,29.84,0.58,3.57,100.32
Central,2013,5,28.43,6.79,4.19,100.26
Central,2013,6,26.48,29.97,4.89,100.27
Central,2013,7,25.63,18.71,4.43,100.33
Central,2013,8,25.66,8.97,4.08,100.36
Central,2013,9,25.96,6.7,3.89,100.37
Central,2013,10,26.22,6.87,3.23,100.44
Central,2013,11,26.73,6.67,1.9,100.46
Central,2013,12,26.41,1.54,2.19,100.5
Central,2014,1,27.4,0.09,2.08,100.65
Central,2014,2,28.53,0.7,2.56,100.49
Central,2014,3,30.04,0.52,2.47,100.5
Central,2014,4,29.23,3.58,2.94,100.42
Central,2014,5,28.45,8.58,3.17,100.28
Central,2014,6,27.51,10.22,4.64,100.25
Central,2014,7,26.21,15.39,4.0,100.4
Central,2014,8,25.8,21.12,3.98,100.4
Central,2014,9,26.39,7.63,3.77,100.42
Central,2014,10,26.57,10.46,2.46,100.48
Central,2014,11,26.83,4.27,2.08,100.48
Central,2014,12,27.05,0.71,2.03,100.53
Central,2015,1,27.13,0.13,2.21,100.68
Central,2015,2,28.77,0.08,2.52,100.61
Central,2015,3,29.41,1.56,2.61,100.59
Central,2015,4,28.65,5.09,2.38,100.44
Central,2015,5,28.24,7.35,2.82,100.35
Central,2015,6,27.3,13.84,3.85,100.33
Central,2015,7,26.58,7.46,3.89,100.42
Central,2015,8,26.41,5.77,3.26,100.44
Central,2015,9,26.8,8.8,3.09,100.43
Central,2015,10,27.18,8.94,2.22,100.55
Central,2015,11,26.85,8.19,2.32,100.46
Central,2015,12,26.97,2.27,1.99,100.62
Central,2016,1,27.28,0.05,2.01,100.68
Central,2016,2,28.95,2.1,2.24,100.64
Central,2016,3,30.01,1.24,2.65,100.56
Central,2016,4,30.08,1.87,3.14,100.37
Central,2016,5,29.06,7.9,3.68,100.3
Central,2016,6,27.05,15.93,4.5,100.33
Central,2016,7,25.99,13.91,4.02,100.36
Central,2016,8,26.07,5.9,4.25,100.38
Central,2016,9,25.87,2.02,4.01,100.43
Central,2016,10,26.58,4.64,3.11,100.46
Central,2016,11,26.99,3.68,2.06,100.52
Central,2016,12,27.4,0.9,2.49,100.54
Central,2017,1,27.75,0.7,2.12,100.61
Central,2017,2,28.83,0.04,2.4,100.63
Central,2017,3,28.83,2.98,2.57,100.46
Central,2017,4,29.4,1.58,3.33,100.39
Central,2017,5,28.57,10.54,3.5,100.32
Central,2017,6,27.22,15.26,4.14,100.34
Central,2017,7,26.47,9.94,3.76,100.39
Central,2017,8,26.13,12.25,3.62,100.29
Central,2017,9,26.42,12.86,3.74,100.34
Central,2017,10,26.79,7.74,2.76,100.34
Central,2017,11,27.02,5.39,2.09,100.36
Central,2017,12,26.58,1.26,2.47,100.55
Central,2018,1,27.24,0.09,1.95,100.5
Central,2018,2,29.03,0.37,2.04,100.53
Central,2018,3,29.82,1.58,2.68,100.4
Central,2018,4,29.22,3.67,2.51,100.29
Central,2018,5,27.84,10.34,3.62,100.21
Central,2018,6,26.97,18.89,4.31,100.3
Central,2018,7,26.17,22.81,4.43,100.35
Central,2018,8,25.64,17.65,4.42,100.42
Central,2018,9,26.26,3.32,3.42,100.42
Central,2018,10,26.99,10.62,2.24,100.47
Central,2018,11,27.31,6.44,2.09,100.53
Central,2018,12,27.39,0.87,1.87,100.58
Central,2019,1,26.95,0.0,2.26,100.71
Central,2019,2,29.5,0.45,2.56,100.61
Central,2019,3,30.31,0.49,2.93,100.52
Central,2019,4,30.23,3.39,3.1,100.35
Central,2019,5,29.17,2.38,3.7,100.31
Central,2019,6,27.94,10.97,4.05,100.26
Central,2019,7,26.8,13.67,4.11,100.33
Central,2019,8,26.22,22.33,3.93,100.43
Central,2019,9,26.67,14.33,3.14,100.45
Central,2019,10,26.79,18.42,2.8,100.46
Central,2019,11,27.64,5.07,1.92,100.45
Central,2019,12,27.49,1.94,1.89,100.52
Central,2020,1,28.23,0.32,1.95,100.59
Central,2020,2,29.48,0.88,2.31,100.59
Central,2020,3,29.9,1.72,2.66,100.48
Central,2020,4,30.13,3.23,2.61,100.43
Central,2020,5,29.0,8.19,3.48,100.24
Central,2020,6,27.33,13.28,3.99,100.24
Central,2020,7,26.19,16.84,3.71,100.22
Central,2020,8,26.39,14.17,3.84,100.29
Central,2020,9,26.3,16.75,3.59,100.29
Central,2020,10,26.48,8.2,3.29,100.31
Central,2020,11,27.56,5.17,1.92,100.44
Central,2020,12,27.02,3.0,2.02,100.46
Central,2021,1,27.1,4.11,1.88,100.43
Central,2021,2,28.09,0.28,2.03,100.52
Central,2021,3,29.67,2.38,2.25,100.43
Central,2021,4,28.78,4.01,2.36,100.38
Central,2021,5,28.04,18.71,3.23,100.24
Central,2021,6,27.27,11.03,3.97,100.32
Central,2021,7,26.35,14.15,4.24,100.29
Central,2021,8,26.05,12.4,3.45,100.37
Central,2021,9,26.5,10.03,3.55,100.32
Central,2021,10,26.63,17.67,2.94,100.32
Central,2021,11,26.41,14.29,2.74,100.31
Central,2021,12,26.68,1.46,1.85,100.6
Central,2022,1,27.4,0.58,2.14,100.54
Central,2022,2,28.51,0.81,2.05,100.44
Central,2022,3,29.65,2.53,2.36,100.32
Central,2022,4,28.36,9.55,2.2,100.3
Central,2022,5,27.62,14.22,3.63,100.18
Central,2022,6,26.75,10.71,3.21,100.23
Central,2022,7,25.83,14.43,3.81,100.26
Central,2022,8,25.68,16.73,3.92,100.23
Central,2022,9,26.01,6.18,3.3,100.35
Central,2022,10,26.39,6.92,2.51,100.42
Central,2022,11,26.59,7.94,1.84,100.48
Central,2022,12,27.06,4.44,1.97,100.43
Central,2023,1,26.88,0.55,1.81,100.61
Central,2023,2,28.72,0.22,1.85,100.55
Central,2023,3,29.72,1.31,2.46,100.46
Central,2023,4,30.03,3.29,2.45,100.32
Central,2023,5,28.79,3.57,2.77,100.38
Central,2023,6,28.08,9.31,3.26,100.32
Central,2023,7,26.57,13.73,3.66,100.42
Central,2023,8,26.92,2.96,3.3,100.46
Central,2023,9,26.64,15.75,3.04,100.44
Central,2023,10,27.18,11.84,2.22,100.58
Central,2023,11,27.51,9.02,1.87,100.52
Central,2023,12,27.42,3.95,2.2,100.5
Central,2024,1,27.57,1.79,1.89,100.65
Central,2024,2,29.36,0.05,2.2,100.66
Central,2024,3,30.79,0.77,2.81,100.57
Central,2024,4,30.94,2.26,2.79,100.27
Central,2024,5,29.17,18.22,3.68,100.14
Central,2024,6,27.53,11.99,3.27,100.31
Central,2024,7,26.78,18.44,3.78,100.32
Central,2024,8,26.52,9.95,3.79,100.33
Central,2024,9,27.09,5.38,3.72,100.35
Central,2024,10,27.0,8.44,2.35,100.4
Central,2024,11,27.54,6.23,1.86,100.4
Central,2024,12,27.23,4.68,2.46,100.44
Central,2025,1,27.7,0.35,1.96,100.48
Central,2025,2,29.53,0.03,1.9,100.55
Central,2025,3,29.7,3.85,2.29,100.43
Central,2025,4,28.86,6.96,2.61,100.33
Central,2025,5,29.13,15.48,4.71,100.18
Central,2025,6,27.74,18.53,4.58,100.3
Central,2025,7,26.75,15.62,4.66,100.31
Central,2025,8,26.27,9.62,4.13,100.34
Central,2025,9,26.88,7.24,3.99,100.34
Central,2025,10,27.53,10.75,3.23,100.3
Central,2025,11,27.13,4.64,2.76,100.52
Central,2025,12,26.42,0.63,2.07,100.55
North,2012,1,26.22,0.03,2.4,99.25
North,2012,2,27.6,0.2,2.36,99.1
North,2012,3,28.24,0.21,2.79,99.12
North,2012,4,28.11,4.91,2.7,99.01
North,2012,5,27.51,1.68,3.46,98.96
North,2012,6,26.13,19.02,3.59,98.99
North,2012,7,25.56,12.08,3.71,98.91
North,2012,8,25.18,17.28,3.49,99.06
North,2012,9,25.49,7.69,2.97,99.12
North,2012,10,26.22,7.09,2.13,99.1
North,2012,11,26.01,4.15,1.9,99.14
North,2012,12,26.49,0.3,1.88,99.13
North,2013,1,27.09,0.03,2.52,99.31
North,2013,2,27.75,1.23,2.48,99.23
North,2013,3,28.8,1.2,2.43,99.16
North,2013,4,28.95,0.47,3.14,99.01
North,2013,5,28.12,5.78,3.54,98.93
North,2013,6,25.96,33.5,4.36,98.92
North,2013,7,24.98,34.43,4.31,98.99
North,2013,8,25.01,13.79,3.73,99.02
North,2013,9,25.21,8.32,3.24,99.02
North,2013,10,25.68,6.24,3.09,99.1
North,2013,11,26.29,3.28,1.69,99.14
North,2013,12,25.65,0.6,2.04,99.2
North,2014,1,26.86,0.09,2.31,99.34
North,2014,2,27.6,0.05,2.69,99.17
North,2014,3,29.09,0.24,2.61,99.19
North,2014,4,28.67,2.38,2.55,99.1
North,2014,5,27.74,9.13,2.6,98.96
North,2014,6,26.95,14.41,4.0,98.92
North,2014,7,25.69,29.69,3.85,99.06
North,2014,8,25.12,22.23,3.42,99.06
North,2014,9,25.73,9.89,3.28,99.09
North,2014,10,26.02,8.41,2.28,99.15
North,2014,11,26.15,2.99,1.6,99.18
North,2014,12,25.95,1.16,1.84,99.23
North,2015,1,26.07,0.01,2.31,99.38
North,2015,2,27.55,0.03,2.47,99.3
North,2015,3,28.35,1.37,2.45,99.28
North,2015,4,28.13,4.06,2.15,99.13
North,2015,5,27.7,6.5,2.54,99.03
North,2015,6,26.65,17.21,3.47,99.0
North,2015,7,25.95,12.03,3.55,99.09
North,2015,8,25.74,9.24,3.07,99.11
North,2015,9,26.18,7.26,2.69,99.09
North,2015,10,26.73,5.23,2.03,99.23
North,2015,11,26.34,5.32,2.14,99.14
North,2015,12,26.68,1.1,1.88,99.32
North,2016,1,26.9,0.09,2.3,99.38
North,2016,2,28.45,0.2,2.56,99.33
North,2016,3,29.4,0.35,2.52,99.24
North,2016,4,29.81,0.77,2.88,99.06
North,2016,5,28.79,5.74,3.22,98.97
North,2016,6,26.51,17.3,3.89,99.0
North,2016,7,25.35,14.67,3.67,99.02
North,2016,8,25.4,7.4,3.74,99.04
North,2016,9,25.06,2.74,3.29,99.1
North,2016,10,25.91,1.34,2.58,99.13
North,2016,11,26.65,1.69,2.08,99.21
North,2016,12,26.52,1.39,2.43,99.23
North,2017,1,26.87,0.49,2.4,99.3
North,2017,2,27.8,0.03,2.54,99.32
North,2017,3,28.25,1.57,2.68,99.14
North,2017,4,28.59,2.42,2.88,99.07
North,2017,5,27.94,6.87,2.89,99.01
North,2017,6,26.65,13.9,3.52,99.0
North,2017,7,25.83,11.43,3.37,99.07
North,2017,8,25.43,13.1,3.22,98.95
North,2017,9,25.74,11.33,3.01,99.0
North,2017,10,26.15,4.9,2.0,99.02
North,2017,11,26.34,2.71,1.8,99.06
North,2017,12,25.77,1.28,2.24,99.25
North,2018,1,26.51,0.05,2.16,99.19
North,2018,2,27.86,0.24,2.33,99.24
North,2018,3,28.89,0.92,2.6,99.09
North,2018,4,28.72,3.64,2.47,98.98
North,2018,5,27.57,11.93,3.06,98.89
North,2018,6,26.4,16.07,3.68,98.96
North,2018,7,25.56,17.57,4.14,99.0
North,2018,8,24.89,17.03,3.83,99.08
North,2018,9,25.47,4.01,2.89,99.1
North,2018,10,26.38,8.45,2.05,99.15
North,2018,11,26.57,2.41,1.93,99.21
North,2018,12,26.88,0.6,2.08,99.28
North,2019,1,26.45,0.01,2.51,99.4
North,2019,2,28.3,0.24,2.63,99.31
North,2019,3,28.91,0.42,2.83,99.21
North,2019,4,29.45,2.78,2.8,99.04
North,2019,5,28.57,2.78,3.22,99.0
North,2019,6,27.62,8.16,3.63,98.92
North,2019,7,26.17,14.42,3.72,99.0
North,2019,8,25.54,23.43,3.61,99.09
North,2019,9,25.96,11.32,2.76,99.12
North,2019,10,26.11,13.76,2.42,99.14
North,2019,11,26.82,4.03,1.94,99.14
North,2019,12,26.56,2.19,1.82,99.23
North,2020,1,27.11,0.1,2.23,99.29
North,2020,2,28.28,0.14,2.53,99.29
North,2020,3,29.15,0.53,2.7,99.17
North,2020,4,29.62,1.73,2.45,99.12
North,2020,5,28.61,5.85,2.97,98.92
North,2020,6,26.7,13.86,3.31,98.9
North,2020,7,25.63,16.59,3.3,98.87
North,2020,8,25.75,16.96,3.43,98.95
North,2020,9,25.47,15.34,2.85,98.95
North,2020,10,25.74,6.99,2.64,98.98
North,2020,11,26.55,4.08,1.78,99.15
North,2020,12,26.47,1.65,1.74,99.17
North,2021,1,26.71,2.79,1.78,99.13
North,2021,2,27.3,0.73,2.28,99.22
North,2021,3,28.65,1.73,2.16,99.12
North,2021,4,28.59,2.78,2.36,99.05
North,2021,5,27.58,12.1,2.76,98.91
North,2021,6,26.66,10.63,3.35,99.0
North,2021,7,25.72,16.11,3.75,98.95
North,2021,8,25.44,10.69,2.96,99.03
North,2021,9,25.8,9.17,2.96,98.99
North,2021,10,26.16,16.4,2.28,98.99
North,2021,11,25.91,10.9,2.2,98.99
North,2021,12,25.88,0.6,1.69,99.3
North,2022,1,25.96,0.41,2.16,99.25
North,2022,2,27.38,0.13,2.31,99.15
North,2022,3,28.67,1.53,2.37,99.03
North,2022,4,28.26,5.02,2.2,98.98
North,2022,5,27.17,10.92,3.28,98.85
North,2022,6,26.23,9.63,2.73,98.9
North,2022,7,25.26,20.75,3.46,98.93
North,2022,8,25.01,18.76,3.52,98.9
North,2022,9,25.34,6.91,2.76,99.01
North,2022,10,25.69,4.92,2.11,99.09
North,2022,11,25.93,3.37,1.71,99.17
North,2022,12,26.12,3.51,1.87,99.12
North,2023,1,26.13,0.48,2.02,99.3
North,2023,2,28.03,0.06,2.19,99.24
North,2023,3,28.84,0.67,2.48,99.16
North,2023,4,29.18,1.53,2.41,99.02
North,2023,5,28.53,3.42,2.54,99.06
North,2023,6,27.53,8.66,2.71,99.0
North,2023,7,25.82,18.08,3.52,99.09
North,2023,8,26.12,2.42,2.98,99.14
North,2023,9,25.87,11.73,2.64,99.1
North,2023,10,26.5,6.69,1.81,99.27
North,2023,11,26.82,7.37,1.71,99.21
North,2023,12,26.73,1.74,1.67,99.22
North,2024,1,26.55,2.4,2.06,99.35
North,2024,2,28.29,0.01,2.54,99.37
North,2024,3,29.62,0.15,2.75,99.26
North,2024,4,30.61,0.65,2.61,98.97
North,2024,5,28.56,9.43,3.08,98.82
North,2024,6,26.97,14.92,2.89,98.99
North,2024,7,25.92,24.49,3.62,98.99
North,2024,8,25.92,9.79,3.19,98.99
North,2024,9,26.26,4.88,3.3,99.03
North,2024,10,26.34,6.8,2.11,99.07
North,2024,11,27.07,3.3,1.71,99.09
North,2024,12,26.53,3.87,2.2,99.14
North,2025,1,26.95,0.35,1.97,99.18
North,2025,2,28.71,0.01,2.37,99.24
North,2025,3,29.11,2.39,2.35,99.12
North,2025,4,28.73,3.83,2.43,99.02
North,2025,5,28.34,17.07,4.18,98.85
North,2025,6,26.95,16.18,4.03,98.97
North,2025,7,25.84,16.87,4.15,98.98
North,2025,8,25.37,10.03,3.83,99.01
North,2025,9,25.96,4.43,3.58,99.02
North,2025,10,26.71,9.76,2.72,98.98
North,2025,11,26.3,1.77,2.37,99.23
North,2025,12,25.7,0.73,2.04,99.25
